month,bunker_type,bunker_sales
1995-01,Marine Diesel Oil,67.9
1995-01,Bio-Blended Marine Diesel Oil,0
1995-01,Marine Gas Oil,135.4
1995-01,Bio-Blended Marine Gas Oil,0
1995-01,Low Sulphur Marine Gas Oil,0
1995-01,Bio-Blended Low Sulphur Marine Gas Oil,0
1995-01,Marine Fuel Oil,1362
1995-01,Bio-Blended Marine Fuel Oil,0
1995-01,Low Sulphur Fuel Oil,0
1995-01,Bio-Blended Low Sulphur Fuel Oil,0
1995-01,Ultra Low Sulphur Fuel Oil,0
1995-01,Bio-Blended Ultra Low Sulphur Fuel Oil,0
1995-01,B100,0
1995-01,LNG,0
1995-01,Methanol,0
1995-01,Ammonia,0
1995-02,Marine Diesel Oil,54.6
1995-02,Bio-Blended Marine Diesel Oil,0
1995-02,Marine Gas Oil,112.6
1995-02,Bio-Blended Marine Gas Oil,0
1995-02,Low Sulphur Marine Gas Oil,0
1995-02,Bio-Blended Low Sulphur Marine Gas Oil,0
1995-02,Marine Fuel Oil,1166.5
1995-02,Bio-Blended Marine Fuel Oil,0
1995-02,Low Sulphur Fuel Oil,0
1995-02,Bio-Blended Low Sulphur Fuel Oil,0
1995-02,Ultra Low Sulphur Fuel Oil,0
1995-02,Bio-Blended Ultra Low Sulphur Fuel Oil,0
1995-02,B100,0
1995-02,LNG,0
1995-02,Methanol,0
1995-02,Ammonia,0
1995-03,Marine Diesel Oil,60.6
1995-03,Bio-Blended Marine Diesel Oil,0
1995-03,Marine Gas Oil,115.3
1995-03,Bio-Blended Marine Gas Oil,0
1995-03,Low Sulphur Marine Gas Oil,0
1995-03,Bio-Blended Low Sulphur Marine Gas Oil,0
1995-03,Marine Fuel Oil,1335.2
1995-03,Bio-Blended Marine Fuel Oil,0
1995-03,Low Sulphur Fuel Oil,0
1995-03,Bio-Blended Low Sulphur Fuel Oil,0
1995-03,Ultra Low Sulphur Fuel Oil,0
1995-03,Bio-Blended Ultra Low Sulphur Fuel Oil,0
1995-03,B100,0
1995-03,LNG,0
1995-03,Methanol,0
1995-03,Ammonia,0
1995-04,Marine Diesel Oil,62.9
1995-04,Bio-Blended Marine Diesel Oil,0
1995-04,Marine Gas Oil,105.2
1995-04,Bio-Blended Marine Gas Oil,0
1995-04,Low Sulphur Marine Gas Oil,0
1995-04,Bio-Blended Low Sulphur Marine Gas Oil,0
1995-04,Marine Fuel Oil,1388.8
1995-04,Bio-Blended Marine Fuel Oil,0
1995-04,Low Sulphur Fuel Oil,0
1995-04,Bio-Blended Low Sulphur Fuel Oil,0
1995-04,Ultra Low Sulphur Fuel Oil,0
1995-04,Bio-Blended Ultra Low Sulphur Fuel Oil,0
1995-04,B100,0
1995-04,LNG,0
1995-04,Methanol,0
1995-04,Ammonia,0
1995-05,Marine Diesel Oil,57.7
1995-05,Bio-Blended Marine Diesel Oil,0
1995-05,Marine Gas Oil,113.1
1995-05,Bio-Blended Marine Gas Oil,0
1995-05,Low Sulphur Marine Gas Oil,0
1995-05,Bio-Blended Low Sulphur Marine Gas Oil,0
1995-05,Marine Fuel Oil,1299.3
1995-05,Bio-Blended Marine Fuel Oil,0
1995-05,Low Sulphur Fuel Oil,0
1995-05,Bio-Blended Low Sulphur Fuel Oil,0
1995-05,Ultra Low Sulphur Fuel Oil,0
1995-05,Bio-Blended Ultra Low Sulphur Fuel Oil,0
1995-05,B100,0
1995-05,LNG,0
1995-05,Methanol,0
1995-05,Ammonia,0
1995-06,Marine Diesel Oil,55.2
1995-06,Bio-Blended Marine Diesel Oil,0
1995-06,Marine Gas Oil,101.2
1995-06,Bio-Blended Marine Gas Oil,0
1995-06,Low Sulphur Marine Gas Oil,0
1995-06,Bio-Blended Low Sulphur Marine Gas Oil,0
1995-06,Marine Fuel Oil,1298.4
1995-06,Bio-Blended Marine Fuel Oil,0
1995-06,Low Sulphur Fuel Oil,0
1995-06,Bio-Blended Low Sulphur Fuel Oil,0
1995-06,Ultra Low Sulphur Fuel Oil,0
1995-06,Bio-Blended Ultra Low Sulphur Fuel Oil,0
1995-06,B100,0
1995-06,LNG,0
1995-06,Methanol,0
1995-06,Ammonia,0
1995-07,Marine Diesel Oil,58.6
1995-07,Bio-Blended Marine Diesel Oil,0
1995-07,Marine Gas Oil,109.3
1995-07,Bio-Blended Marine Gas Oil,0
1995-07,Low Sulphur Marine Gas Oil,0
1995-07,Bio-Blended Low Sulphur Marine Gas Oil,0
1995-07,Marine Fuel Oil,1363
1995-07,Bio-Blended Marine Fuel Oil,0
1995-07,Low Sulphur Fuel Oil,0
1995-07,Bio-Blended Low Sulphur Fuel Oil,0
1995-07,Ultra Low Sulphur Fuel Oil,0
1995-07,Bio-Blended Ultra Low Sulphur Fuel Oil,0
1995-07,B100,0
1995-07,LNG,0
1995-07,Methanol,0
1995-07,Ammonia,0
1995-08,Marine Diesel Oil,53.3
1995-08,Bio-Blended Marine Diesel Oil,0
1995-08,Marine Gas Oil,112.7
1995-08,Bio-Blended Marine Gas Oil,0
1995-08,Low Sulphur Marine Gas Oil,0
1995-08,Bio-Blended Low Sulphur Marine Gas Oil,0
1995-08,Marine Fuel Oil,1252.3
1995-08,Bio-Blended Marine Fuel Oil,0
1995-08,Low Sulphur Fuel Oil,0
1995-08,Bio-Blended Low Sulphur Fuel Oil,0
1995-08,Ultra Low Sulphur Fuel Oil,0
1995-08,Bio-Blended Ultra Low Sulphur Fuel Oil,0
1995-08,B100,0
1995-08,LNG,0
1995-08,Methanol,0
1995-08,Ammonia,0
1995-09,Marine Diesel Oil,63
1995-09,Bio-Blended Marine Diesel Oil,0
1995-09,Marine Gas Oil,101.7
1995-09,Bio-Blended Marine Gas Oil,0
1995-09,Low Sulphur Marine Gas Oil,0
1995-09,Bio-Blended Low Sulphur Marine Gas Oil,0
1995-09,Marine Fuel Oil,1286.6
1995-09,Bio-Blended Marine Fuel Oil,0
1995-09,Low Sulphur Fuel Oil,0
1995-09,Bio-Blended Low Sulphur Fuel Oil,0
1995-09,Ultra Low Sulphur Fuel Oil,0
1995-09,Bio-Blended Ultra Low Sulphur Fuel Oil,0
1995-09,B100,0
1995-09,LNG,0
1995-09,Methanol,0
1995-09,Ammonia,0
1995-10,Marine Diesel Oil,56.6
1995-10,Bio-Blended Marine Diesel Oil,0
1995-10,Marine Gas Oil,109
1995-10,Bio-Blended Marine Gas Oil,0
1995-10,Low Sulphur Marine Gas Oil,0
1995-10,Bio-Blended Low Sulphur Marine Gas Oil,0
1995-10,Marine Fuel Oil,1306.7
1995-10,Bio-Blended Marine Fuel Oil,0
1995-10,Low Sulphur Fuel Oil,0
1995-10,Bio-Blended Low Sulphur Fuel Oil,0
1995-10,Ultra Low Sulphur Fuel Oil,0
1995-10,Bio-Blended Ultra Low Sulphur Fuel Oil,0
1995-10,B100,0
1995-10,LNG,0
1995-10,Methanol,0
1995-10,Ammonia,0
1995-11,Marine Diesel Oil,53.7
1995-11,Bio-Blended Marine Diesel Oil,0
1995-11,Marine Gas Oil,101.8
1995-11,Bio-Blended Marine Gas Oil,0
1995-11,Low Sulphur Marine Gas Oil,0
1995-11,Bio-Blended Low Sulphur Marine Gas Oil,0
1995-11,Marine Fuel Oil,1169
1995-11,Bio-Blended Marine Fuel Oil,0
1995-11,Low Sulphur Fuel Oil,0
1995-11,Bio-Blended Low Sulphur Fuel Oil,0
1995-11,Ultra Low Sulphur Fuel Oil,0
1995-11,Bio-Blended Ultra Low Sulphur Fuel Oil,0
1995-11,B100,0
1995-11,LNG,0
1995-11,Methanol,0
1995-11,Ammonia,0
1995-12,Marine Diesel Oil,56
1995-12,Bio-Blended Marine Diesel Oil,0
1995-12,Marine Gas Oil,100
1995-12,Bio-Blended Marine Gas Oil,0
1995-12,Low Sulphur Marine Gas Oil,0
1995-12,Bio-Blended Low Sulphur Marine Gas Oil,0
1995-12,Marine Fuel Oil,1244
1995-12,Bio-Blended Marine Fuel Oil,0
1995-12,Low Sulphur Fuel Oil,0
1995-12,Bio-Blended Low Sulphur Fuel Oil,0
1995-12,Ultra Low Sulphur Fuel Oil,0
1995-12,Bio-Blended Ultra Low Sulphur Fuel Oil,0
1995-12,B100,0
1995-12,LNG,0
1995-12,Methanol,0
1995-12,Ammonia,0
1996-01,Marine Diesel Oil,56.04
1996-01,Bio-Blended Marine Diesel Oil,0
1996-01,Marine Gas Oil,98.36
1996-01,Bio-Blended Marine Gas Oil,0
1996-01,Low Sulphur Marine Gas Oil,0
1996-01,Bio-Blended Low Sulphur Marine Gas Oil,0
1996-01,Marine Fuel Oil,1280.15
1996-01,Bio-Blended Marine Fuel Oil,0
1996-01,Low Sulphur Fuel Oil,0
1996-01,Bio-Blended Low Sulphur Fuel Oil,0
1996-01,Ultra Low Sulphur Fuel Oil,0
1996-01,Bio-Blended Ultra Low Sulphur Fuel Oil,0
1996-01,B100,0
1996-01,LNG,0
1996-01,Methanol,0
1996-01,Ammonia,0
1996-02,Marine Diesel Oil,45.37
1996-02,Bio-Blended Marine Diesel Oil,0
1996-02,Marine Gas Oil,94.87
1996-02,Bio-Blended Marine Gas Oil,0
1996-02,Low Sulphur Marine Gas Oil,0
1996-02,Bio-Blended Low Sulphur Marine Gas Oil,0
1996-02,Marine Fuel Oil,1285.52
1996-02,Bio-Blended Marine Fuel Oil,0
1996-02,Low Sulphur Fuel Oil,0
1996-02,Bio-Blended Low Sulphur Fuel Oil,0
1996-02,Ultra Low Sulphur Fuel Oil,0
1996-02,Bio-Blended Ultra Low Sulphur Fuel Oil,0
1996-02,B100,0
1996-02,LNG,0
1996-02,Methanol,0
1996-02,Ammonia,0
1996-03,Marine Diesel Oil,50.7
1996-03,Bio-Blended Marine Diesel Oil,0
1996-03,Marine Gas Oil,101.53
1996-03,Bio-Blended Marine Gas Oil,0
1996-03,Low Sulphur Marine Gas Oil,0
1996-03,Bio-Blended Low Sulphur Marine Gas Oil,0
1996-03,Marine Fuel Oil,1354.27
1996-03,Bio-Blended Marine Fuel Oil,0
1996-03,Low Sulphur Fuel Oil,0
1996-03,Bio-Blended Low Sulphur Fuel Oil,0
1996-03,Ultra Low Sulphur Fuel Oil,0
1996-03,Bio-Blended Ultra Low Sulphur Fuel Oil,0
1996-03,B100,0
1996-03,LNG,0
1996-03,Methanol,0
1996-03,Ammonia,0
1996-04,Marine Diesel Oil,47.01
1996-04,Bio-Blended Marine Diesel Oil,0
1996-04,Marine Gas Oil,92.38
1996-04,Bio-Blended Marine Gas Oil,0
1996-04,Low Sulphur Marine Gas Oil,0
1996-04,Bio-Blended Low Sulphur Marine Gas Oil,0
1996-04,Marine Fuel Oil,1294.61
1996-04,Bio-Blended Marine Fuel Oil,0
1996-04,Low Sulphur Fuel Oil,0
1996-04,Bio-Blended Low Sulphur Fuel Oil,0
1996-04,Ultra Low Sulphur Fuel Oil,0
1996-04,Bio-Blended Ultra Low Sulphur Fuel Oil,0
1996-04,B100,0
1996-04,LNG,0
1996-04,Methanol,0
1996-04,Ammonia,0
1996-05,Marine Diesel Oil,50.73
1996-05,Bio-Blended Marine Diesel Oil,0
1996-05,Marine Gas Oil,109.59
1996-05,Bio-Blended Marine Gas Oil,0
1996-05,Low Sulphur Marine Gas Oil,0
1996-05,Bio-Blended Low Sulphur Marine Gas Oil,0
1996-05,Marine Fuel Oil,1442.82
1996-05,Bio-Blended Marine Fuel Oil,0
1996-05,Low Sulphur Fuel Oil,0
1996-05,Bio-Blended Low Sulphur Fuel Oil,0
1996-05,Ultra Low Sulphur Fuel Oil,0
1996-05,Bio-Blended Ultra Low Sulphur Fuel Oil,0
1996-05,B100,0
1996-05,LNG,0
1996-05,Methanol,0
1996-05,Ammonia,0
1996-06,Marine Diesel Oil,46.66
1996-06,Bio-Blended Marine Diesel Oil,0
1996-06,Marine Gas Oil,102.75
1996-06,Bio-Blended Marine Gas Oil,0
1996-06,Low Sulphur Marine Gas Oil,0
1996-06,Bio-Blended Low Sulphur Marine Gas Oil,0
1996-06,Marine Fuel Oil,1338.99
1996-06,Bio-Blended Marine Fuel Oil,0
1996-06,Low Sulphur Fuel Oil,0
1996-06,Bio-Blended Low Sulphur Fuel Oil,0
1996-06,Ultra Low Sulphur Fuel Oil,0
1996-06,Bio-Blended Ultra Low Sulphur Fuel Oil,0
1996-06,B100,0
1996-06,LNG,0
1996-06,Methanol,0
1996-06,Ammonia,0
1996-07,Marine Diesel Oil,42.09
1996-07,Bio-Blended Marine Diesel Oil,0
1996-07,Marine Gas Oil,114.67
1996-07,Bio-Blended Marine Gas Oil,0
1996-07,Low Sulphur Marine Gas Oil,0
1996-07,Bio-Blended Low Sulphur Marine Gas Oil,0
1996-07,Marine Fuel Oil,1236.13
1996-07,Bio-Blended Marine Fuel Oil,0
1996-07,Low Sulphur Fuel Oil,0
1996-07,Bio-Blended Low Sulphur Fuel Oil,0
1996-07,Ultra Low Sulphur Fuel Oil,0
1996-07,Bio-Blended Ultra Low Sulphur Fuel Oil,0
1996-07,B100,0
1996-07,LNG,0
1996-07,Methanol,0
1996-07,Ammonia,0
1996-08,Marine Diesel Oil,45.9
1996-08,Bio-Blended Marine Diesel Oil,0
1996-08,Marine Gas Oil,103.95
1996-08,Bio-Blended Marine Gas Oil,0
1996-08,Low Sulphur Marine Gas Oil,0
1996-08,Bio-Blended Low Sulphur Marine Gas Oil,0
1996-08,Marine Fuel Oil,1206.09
1996-08,Bio-Blended Marine Fuel Oil,0
1996-08,Low Sulphur Fuel Oil,0
1996-08,Bio-Blended Low Sulphur Fuel Oil,0
1996-08,Ultra Low Sulphur Fuel Oil,0
1996-08,Bio-Blended Ultra Low Sulphur Fuel Oil,0
1996-08,B100,0
1996-08,LNG,0
1996-08,Methanol,0
1996-08,Ammonia,0
1996-09,Marine Diesel Oil,42.46
1996-09,Bio-Blended Marine Diesel Oil,0
1996-09,Marine Gas Oil,98.73
1996-09,Bio-Blended Marine Gas Oil,0
1996-09,Low Sulphur Marine Gas Oil,0
1996-09,Bio-Blended Low Sulphur Marine Gas Oil,0
1996-09,Marine Fuel Oil,1049.51
1996-09,Bio-Blended Marine Fuel Oil,0
1996-09,Low Sulphur Fuel Oil,0
1996-09,Bio-Blended Low Sulphur Fuel Oil,0
1996-09,Ultra Low Sulphur Fuel Oil,0
1996-09,Bio-Blended Ultra Low Sulphur Fuel Oil,0
1996-09,B100,0
1996-09,LNG,0
1996-09,Methanol,0
1996-09,Ammonia,0
1996-10,Marine Diesel Oil,38.33
1996-10,Bio-Blended Marine Diesel Oil,0
1996-10,Marine Gas Oil,100.06
1996-10,Bio-Blended Marine Gas Oil,0
1996-10,Low Sulphur Marine Gas Oil,0
1996-10,Bio-Blended Low Sulphur Marine Gas Oil,0
1996-10,Marine Fuel Oil,1215.28
1996-10,Bio-Blended Marine Fuel Oil,0
1996-10,Low Sulphur Fuel Oil,0
1996-10,Bio-Blended Low Sulphur Fuel Oil,0
1996-10,Ultra Low Sulphur Fuel Oil,0
1996-10,Bio-Blended Ultra Low Sulphur Fuel Oil,0
1996-10,B100,0
1996-10,LNG,0
1996-10,Methanol,0
1996-10,Ammonia,0
1996-11,Marine Diesel Oil,44.71
1996-11,Bio-Blended Marine Diesel Oil,0
1996-11,Marine Gas Oil,94.53
1996-11,Bio-Blended Marine Gas Oil,0
1996-11,Low Sulphur Marine Gas Oil,0
1996-11,Bio-Blended Low Sulphur Marine Gas Oil,0
1996-11,Marine Fuel Oil,1190.88
1996-11,Bio-Blended Marine Fuel Oil,0
1996-11,Low Sulphur Fuel Oil,0
1996-11,Bio-Blended Low Sulphur Fuel Oil,0
1996-11,Ultra Low Sulphur Fuel Oil,0
1996-11,Bio-Blended Ultra Low Sulphur Fuel Oil,0
1996-11,B100,0
1996-11,LNG,0
1996-11,Methanol,0
1996-11,Ammonia,0
1996-12,Marine Diesel Oil,46.92
1996-12,Bio-Blended Marine Diesel Oil,0
1996-12,Marine Gas Oil,95.28
1996-12,Bio-Blended Marine Gas Oil,0
1996-12,Low Sulphur Marine Gas Oil,0
1996-12,Bio-Blended Low Sulphur Marine Gas Oil,0
1996-12,Marine Fuel Oil,1280.64
1996-12,Bio-Blended Marine Fuel Oil,0
1996-12,Low Sulphur Fuel Oil,0
1996-12,Bio-Blended Low Sulphur Fuel Oil,0
1996-12,Ultra Low Sulphur Fuel Oil,0
1996-12,Bio-Blended Ultra Low Sulphur Fuel Oil,0
1996-12,B100,0
1996-12,LNG,0
1996-12,Methanol,0
1996-12,Ammonia,0
1997-01,Marine Diesel Oil,41.64
1997-01,Bio-Blended Marine Diesel Oil,0
1997-01,Marine Gas Oil,105
1997-01,Bio-Blended Marine Gas Oil,0
1997-01,Low Sulphur Marine Gas Oil,0
1997-01,Bio-Blended Low Sulphur Marine Gas Oil,0
1997-01,Marine Fuel Oil,1360.17
1997-01,Bio-Blended Marine Fuel Oil,0
1997-01,Low Sulphur Fuel Oil,0
1997-01,Bio-Blended Low Sulphur Fuel Oil,0
1997-01,Ultra Low Sulphur Fuel Oil,0
1997-01,Bio-Blended Ultra Low Sulphur Fuel Oil,0
1997-01,B100,0
1997-01,LNG,0
1997-01,Methanol,0
1997-01,Ammonia,0
1997-02,Marine Diesel Oil,37.65
1997-02,Bio-Blended Marine Diesel Oil,0
1997-02,Marine Gas Oil,91.57
1997-02,Bio-Blended Marine Gas Oil,0
1997-02,Low Sulphur Marine Gas Oil,0
1997-02,Bio-Blended Low Sulphur Marine Gas Oil,0
1997-02,Marine Fuel Oil,1247.97
1997-02,Bio-Blended Marine Fuel Oil,0
1997-02,Low Sulphur Fuel Oil,0
1997-02,Bio-Blended Low Sulphur Fuel Oil,0
1997-02,Ultra Low Sulphur Fuel Oil,0
1997-02,Bio-Blended Ultra Low Sulphur Fuel Oil,0
1997-02,B100,0
1997-02,LNG,0
1997-02,Methanol,0
1997-02,Ammonia,0
1997-03,Marine Diesel Oil,39.77
1997-03,Bio-Blended Marine Diesel Oil,0
1997-03,Marine Gas Oil,111.8
1997-03,Bio-Blended Marine Gas Oil,0
1997-03,Low Sulphur Marine Gas Oil,0
1997-03,Bio-Blended Low Sulphur Marine Gas Oil,0
1997-03,Marine Fuel Oil,1239.86
1997-03,Bio-Blended Marine Fuel Oil,0
1997-03,Low Sulphur Fuel Oil,0
1997-03,Bio-Blended Low Sulphur Fuel Oil,0
1997-03,Ultra Low Sulphur Fuel Oil,0
1997-03,Bio-Blended Ultra Low Sulphur Fuel Oil,0
1997-03,B100,0
1997-03,LNG,0
1997-03,Methanol,0
1997-03,Ammonia,0
1997-04,Marine Diesel Oil,40.25
1997-04,Bio-Blended Marine Diesel Oil,0
1997-04,Marine Gas Oil,98.12
1997-04,Bio-Blended Marine Gas Oil,0
1997-04,Low Sulphur Marine Gas Oil,0
1997-04,Bio-Blended Low Sulphur Marine Gas Oil,0
1997-04,Marine Fuel Oil,1352.14
1997-04,Bio-Blended Marine Fuel Oil,0
1997-04,Low Sulphur Fuel Oil,0
1997-04,Bio-Blended Low Sulphur Fuel Oil,0
1997-04,Ultra Low Sulphur Fuel Oil,0
1997-04,Bio-Blended Ultra Low Sulphur Fuel Oil,0
1997-04,B100,0
1997-04,LNG,0
1997-04,Methanol,0
1997-04,Ammonia,0
1997-05,Marine Diesel Oil,40.33
1997-05,Bio-Blended Marine Diesel Oil,0
1997-05,Marine Gas Oil,103.46
1997-05,Bio-Blended Marine Gas Oil,0
1997-05,Low Sulphur Marine Gas Oil,0
1997-05,Bio-Blended Low Sulphur Marine Gas Oil,0
1997-05,Marine Fuel Oil,1288.91
1997-05,Bio-Blended Marine Fuel Oil,0
1997-05,Low Sulphur Fuel Oil,0
1997-05,Bio-Blended Low Sulphur Fuel Oil,0
1997-05,Ultra Low Sulphur Fuel Oil,0
1997-05,Bio-Blended Ultra Low Sulphur Fuel Oil,0
1997-05,B100,0
1997-05,LNG,0
1997-05,Methanol,0
1997-05,Ammonia,0
1997-06,Marine Diesel Oil,41.4
1997-06,Bio-Blended Marine Diesel Oil,0
1997-06,Marine Gas Oil,101.08
1997-06,Bio-Blended Marine Gas Oil,0
1997-06,Low Sulphur Marine Gas Oil,0
1997-06,Bio-Blended Low Sulphur Marine Gas Oil,0
1997-06,Marine Fuel Oil,1310.16
1997-06,Bio-Blended Marine Fuel Oil,0
1997-06,Low Sulphur Fuel Oil,0
1997-06,Bio-Blended Low Sulphur Fuel Oil,0
1997-06,Ultra Low Sulphur Fuel Oil,0
1997-06,Bio-Blended Ultra Low Sulphur Fuel Oil,0
1997-06,B100,0
1997-06,LNG,0
1997-06,Methanol,0
1997-06,Ammonia,0
1997-07,Marine Diesel Oil,40.72
1997-07,Bio-Blended Marine Diesel Oil,0
1997-07,Marine Gas Oil,107.68
1997-07,Bio-Blended Marine Gas Oil,0
1997-07,Low Sulphur Marine Gas Oil,0
1997-07,Bio-Blended Low Sulphur Marine Gas Oil,0
1997-07,Marine Fuel Oil,1370.65
1997-07,Bio-Blended Marine Fuel Oil,0
1997-07,Low Sulphur Fuel Oil,0
1997-07,Bio-Blended Low Sulphur Fuel Oil,0
1997-07,Ultra Low Sulphur Fuel Oil,0
1997-07,Bio-Blended Ultra Low Sulphur Fuel Oil,0
1997-07,B100,0
1997-07,LNG,0
1997-07,Methanol,0
1997-07,Ammonia,0
1997-08,Marine Diesel Oil,39.2
1997-08,Bio-Blended Marine Diesel Oil,0
1997-08,Marine Gas Oil,107.08
1997-08,Bio-Blended Marine Gas Oil,0
1997-08,Low Sulphur Marine Gas Oil,0
1997-08,Bio-Blended Low Sulphur Marine Gas Oil,0
1997-08,Marine Fuel Oil,1225.56
1997-08,Bio-Blended Marine Fuel Oil,0
1997-08,Low Sulphur Fuel Oil,0
1997-08,Bio-Blended Low Sulphur Fuel Oil,0
1997-08,Ultra Low Sulphur Fuel Oil,0
1997-08,Bio-Blended Ultra Low Sulphur Fuel Oil,0
1997-08,B100,0
1997-08,LNG,0
1997-08,Methanol,0
1997-08,Ammonia,0
1997-09,Marine Diesel Oil,36.65
1997-09,Bio-Blended Marine Diesel Oil,0
1997-09,Marine Gas Oil,106.66
1997-09,Bio-Blended Marine Gas Oil,0
1997-09,Low Sulphur Marine Gas Oil,0
1997-09,Bio-Blended Low Sulphur Marine Gas Oil,0
1997-09,Marine Fuel Oil,1151.71
1997-09,Bio-Blended Marine Fuel Oil,0
1997-09,Low Sulphur Fuel Oil,0
1997-09,Bio-Blended Low Sulphur Fuel Oil,0
1997-09,Ultra Low Sulphur Fuel Oil,0
1997-09,Bio-Blended Ultra Low Sulphur Fuel Oil,0
1997-09,B100,0
1997-09,LNG,0
1997-09,Methanol,0
1997-09,Ammonia,0
1997-10,Marine Diesel Oil,42
1997-10,Bio-Blended Marine Diesel Oil,0
1997-10,Marine Gas Oil,96.51
1997-10,Bio-Blended Marine Gas Oil,0
1997-10,Low Sulphur Marine Gas Oil,0
1997-10,Bio-Blended Low Sulphur Marine Gas Oil,0
1997-10,Marine Fuel Oil,1183.14
1997-10,Bio-Blended Marine Fuel Oil,0
1997-10,Low Sulphur Fuel Oil,0
1997-10,Bio-Blended Low Sulphur Fuel Oil,0
1997-10,Ultra Low Sulphur Fuel Oil,0
1997-10,Bio-Blended Ultra Low Sulphur Fuel Oil,0
1997-10,B100,0
1997-10,LNG,0
1997-10,Methanol,0
1997-10,Ammonia,0
1997-11,Marine Diesel Oil,39.02
1997-11,Bio-Blended Marine Diesel Oil,0
1997-11,Marine Gas Oil,98.84
1997-11,Bio-Blended Marine Gas Oil,0
1997-11,Low Sulphur Marine Gas Oil,0
1997-11,Bio-Blended Low Sulphur Marine Gas Oil,0
1997-11,Marine Fuel Oil,1168.15
1997-11,Bio-Blended Marine Fuel Oil,0
1997-11,Low Sulphur Fuel Oil,0
1997-11,Bio-Blended Low Sulphur Fuel Oil,0
1997-11,Ultra Low Sulphur Fuel Oil,0
1997-11,Bio-Blended Ultra Low Sulphur Fuel Oil,0
1997-11,B100,0
1997-11,LNG,0
1997-11,Methanol,0
1997-11,Ammonia,0
1997-12,Marine Diesel Oil,41.88
1997-12,Bio-Blended Marine Diesel Oil,0
1997-12,Marine Gas Oil,103.16
1997-12,Bio-Blended Marine Gas Oil,0
1997-12,Low Sulphur Marine Gas Oil,0
1997-12,Bio-Blended Low Sulphur Marine Gas Oil,0
1997-12,Marine Fuel Oil,1330.85
1997-12,Bio-Blended Marine Fuel Oil,0
1997-12,Low Sulphur Fuel Oil,0
1997-12,Bio-Blended Low Sulphur Fuel Oil,0
1997-12,Ultra Low Sulphur Fuel Oil,0
1997-12,Bio-Blended Ultra Low Sulphur Fuel Oil,0
1997-12,B100,0
1997-12,LNG,0
1997-12,Methanol,0
1997-12,Ammonia,0
1998-01,Marine Diesel Oil,42.85
1998-01,Bio-Blended Marine Diesel Oil,0
1998-01,Marine Gas Oil,117.38
1998-01,Bio-Blended Marine Gas Oil,0
1998-01,Low Sulphur Marine Gas Oil,0
1998-01,Bio-Blended Low Sulphur Marine Gas Oil,0
1998-01,Marine Fuel Oil,1475.08
1998-01,Bio-Blended Marine Fuel Oil,0
1998-01,Low Sulphur Fuel Oil,0
1998-01,Bio-Blended Low Sulphur Fuel Oil,0
1998-01,Ultra Low Sulphur Fuel Oil,0
1998-01,Bio-Blended Ultra Low Sulphur Fuel Oil,0
1998-01,B100,0
1998-01,LNG,0
1998-01,Methanol,0
1998-01,Ammonia,0
1998-02,Marine Diesel Oil,35.91
1998-02,Bio-Blended Marine Diesel Oil,0
1998-02,Marine Gas Oil,96.61
1998-02,Bio-Blended Marine Gas Oil,0
1998-02,Low Sulphur Marine Gas Oil,0
1998-02,Bio-Blended Low Sulphur Marine Gas Oil,0
1998-02,Marine Fuel Oil,1286.07
1998-02,Bio-Blended Marine Fuel Oil,0
1998-02,Low Sulphur Fuel Oil,0
1998-02,Bio-Blended Low Sulphur Fuel Oil,0
1998-02,Ultra Low Sulphur Fuel Oil,0
1998-02,Bio-Blended Ultra Low Sulphur Fuel Oil,0
1998-02,B100,0
1998-02,LNG,0
1998-02,Methanol,0
1998-02,Ammonia,0
1998-03,Marine Diesel Oil,37.18
1998-03,Bio-Blended Marine Diesel Oil,0
1998-03,Marine Gas Oil,108.07
1998-03,Bio-Blended Marine Gas Oil,0
1998-03,Low Sulphur Marine Gas Oil,0
1998-03,Bio-Blended Low Sulphur Marine Gas Oil,0
1998-03,Marine Fuel Oil,1366.85
1998-03,Bio-Blended Marine Fuel Oil,0
1998-03,Low Sulphur Fuel Oil,0
1998-03,Bio-Blended Low Sulphur Fuel Oil,0
1998-03,Ultra Low Sulphur Fuel Oil,0
1998-03,Bio-Blended Ultra Low Sulphur Fuel Oil,0
1998-03,B100,0
1998-03,LNG,0
1998-03,Methanol,0
1998-03,Ammonia,0
1998-04,Marine Diesel Oil,31.2
1998-04,Bio-Blended Marine Diesel Oil,0
1998-04,Marine Gas Oil,101.06
1998-04,Bio-Blended Marine Gas Oil,0
1998-04,Low Sulphur Marine Gas Oil,0
1998-04,Bio-Blended Low Sulphur Marine Gas Oil,0
1998-04,Marine Fuel Oil,1218.85
1998-04,Bio-Blended Marine Fuel Oil,0
1998-04,Low Sulphur Fuel Oil,0
1998-04,Bio-Blended Low Sulphur Fuel Oil,0
1998-04,Ultra Low Sulphur Fuel Oil,0
1998-04,Bio-Blended Ultra Low Sulphur Fuel Oil,0
1998-04,B100,0
1998-04,LNG,0
1998-04,Methanol,0
1998-04,Ammonia,0
1998-05,Marine Diesel Oil,38.9
1998-05,Bio-Blended Marine Diesel Oil,0
1998-05,Marine Gas Oil,118.27
1998-05,Bio-Blended Marine Gas Oil,0
1998-05,Low Sulphur Marine Gas Oil,0
1998-05,Bio-Blended Low Sulphur Marine Gas Oil,0
1998-05,Marine Fuel Oil,1436.36
1998-05,Bio-Blended Marine Fuel Oil,0
1998-05,Low Sulphur Fuel Oil,0
1998-05,Bio-Blended Low Sulphur Fuel Oil,0
1998-05,Ultra Low Sulphur Fuel Oil,0
1998-05,Bio-Blended Ultra Low Sulphur Fuel Oil,0
1998-05,B100,0
1998-05,LNG,0
1998-05,Methanol,0
1998-05,Ammonia,0
1998-06,Marine Diesel Oil,30.53
1998-06,Bio-Blended Marine Diesel Oil,0
1998-06,Marine Gas Oil,96.58
1998-06,Bio-Blended Marine Gas Oil,0
1998-06,Low Sulphur Marine Gas Oil,0
1998-06,Bio-Blended Low Sulphur Marine Gas Oil,0
1998-06,Marine Fuel Oil,1296.32
1998-06,Bio-Blended Marine Fuel Oil,0
1998-06,Low Sulphur Fuel Oil,0
1998-06,Bio-Blended Low Sulphur Fuel Oil,0
1998-06,Ultra Low Sulphur Fuel Oil,0
1998-06,Bio-Blended Ultra Low Sulphur Fuel Oil,0
1998-06,B100,0
1998-06,LNG,0
1998-06,Methanol,0
1998-06,Ammonia,0
1998-07,Marine Diesel Oil,34.2
1998-07,Bio-Blended Marine Diesel Oil,0
1998-07,Marine Gas Oil,122.42
1998-07,Bio-Blended Marine Gas Oil,0
1998-07,Low Sulphur Marine Gas Oil,0
1998-07,Bio-Blended Low Sulphur Marine Gas Oil,0
1998-07,Marine Fuel Oil,1494.3
1998-07,Bio-Blended Marine Fuel Oil,0
1998-07,Low Sulphur Fuel Oil,0
1998-07,Bio-Blended Low Sulphur Fuel Oil,0
1998-07,Ultra Low Sulphur Fuel Oil,0
1998-07,Bio-Blended Ultra Low Sulphur Fuel Oil,0
1998-07,B100,0
1998-07,LNG,0
1998-07,Methanol,0
1998-07,Ammonia,0
1998-08,Marine Diesel Oil,33.84
1998-08,Bio-Blended Marine Diesel Oil,0
1998-08,Marine Gas Oil,112.66
1998-08,Bio-Blended Marine Gas Oil,0
1998-08,Low Sulphur Marine Gas Oil,0
1998-08,Bio-Blended Low Sulphur Marine Gas Oil,0
1998-08,Marine Fuel Oil,1446.33
1998-08,Bio-Blended Marine Fuel Oil,0
1998-08,Low Sulphur Fuel Oil,0
1998-08,Bio-Blended Low Sulphur Fuel Oil,0
1998-08,Ultra Low Sulphur Fuel Oil,0
1998-08,Bio-Blended Ultra Low Sulphur Fuel Oil,0
1998-08,B100,0
1998-08,LNG,0
1998-08,Methanol,0
1998-08,Ammonia,0
1998-09,Marine Diesel Oil,33.08
1998-09,Bio-Blended Marine Diesel Oil,0
1998-09,Marine Gas Oil,113.96
1998-09,Bio-Blended Marine Gas Oil,0
1998-09,Low Sulphur Marine Gas Oil,0
1998-09,Bio-Blended Low Sulphur Marine Gas Oil,0
1998-09,Marine Fuel Oil,1286.01
1998-09,Bio-Blended Marine Fuel Oil,0
1998-09,Low Sulphur Fuel Oil,0
1998-09,Bio-Blended Low Sulphur Fuel Oil,0
1998-09,Ultra Low Sulphur Fuel Oil,0
1998-09,Bio-Blended Ultra Low Sulphur Fuel Oil,0
1998-09,B100,0
1998-09,LNG,0
1998-09,Methanol,0
1998-09,Ammonia,0
1998-10,Marine Diesel Oil,32.51
1998-10,Bio-Blended Marine Diesel Oil,0
1998-10,Marine Gas Oil,99
1998-10,Bio-Blended Marine Gas Oil,0
1998-10,Low Sulphur Marine Gas Oil,0
1998-10,Bio-Blended Low Sulphur Marine Gas Oil,0
1998-10,Marine Fuel Oil,1233.87
1998-10,Bio-Blended Marine Fuel Oil,0
1998-10,Low Sulphur Fuel Oil,0
1998-10,Bio-Blended Low Sulphur Fuel Oil,0
1998-10,Ultra Low Sulphur Fuel Oil,0
1998-10,Bio-Blended Ultra Low Sulphur Fuel Oil,0
1998-10,B100,0
1998-10,LNG,0
1998-10,Methanol,0
1998-10,Ammonia,0
1998-11,Marine Diesel Oil,31.44
1998-11,Bio-Blended Marine Diesel Oil,0
1998-11,Marine Gas Oil,123.91
1998-11,Bio-Blended Marine Gas Oil,0
1998-11,Low Sulphur Marine Gas Oil,0
1998-11,Bio-Blended Low Sulphur Marine Gas Oil,0
1998-11,Marine Fuel Oil,1270.24
1998-11,Bio-Blended Marine Fuel Oil,0
1998-11,Low Sulphur Fuel Oil,0
1998-11,Bio-Blended Low Sulphur Fuel Oil,0
1998-11,Ultra Low Sulphur Fuel Oil,0
1998-11,Bio-Blended Ultra Low Sulphur Fuel Oil,0
1998-11,B100,0
1998-11,LNG,0
1998-11,Methanol,0
1998-11,Ammonia,0
1998-12,Marine Diesel Oil,37.94
1998-12,Bio-Blended Marine Diesel Oil,0
1998-12,Marine Gas Oil,150.56
1998-12,Bio-Blended Marine Gas Oil,0
1998-12,Low Sulphur Marine Gas Oil,0
1998-12,Bio-Blended Low Sulphur Marine Gas Oil,0
1998-12,Marine Fuel Oil,1473.52
1998-12,Bio-Blended Marine Fuel Oil,0
1998-12,Low Sulphur Fuel Oil,0
1998-12,Bio-Blended Low Sulphur Fuel Oil,0
1998-12,Ultra Low Sulphur Fuel Oil,0
1998-12,Bio-Blended Ultra Low Sulphur Fuel Oil,0
1998-12,B100,0
1998-12,LNG,0
1998-12,Methanol,0
1998-12,Ammonia,0
1999-01,Marine Diesel Oil,34.91
1999-01,Bio-Blended Marine Diesel Oil,0
1999-01,Marine Gas Oil,125.78
1999-01,Bio-Blended Marine Gas Oil,0
1999-01,Low Sulphur Marine Gas Oil,0
1999-01,Bio-Blended Low Sulphur Marine Gas Oil,0
1999-01,Marine Fuel Oil,1436.58
1999-01,Bio-Blended Marine Fuel Oil,0
1999-01,Low Sulphur Fuel Oil,0
1999-01,Bio-Blended Low Sulphur Fuel Oil,0
1999-01,Ultra Low Sulphur Fuel Oil,0
1999-01,Bio-Blended Ultra Low Sulphur Fuel Oil,0
1999-01,B100,0
1999-01,LNG,0
1999-01,Methanol,0
1999-01,Ammonia,0
1999-02,Marine Diesel Oil,29.1
1999-02,Bio-Blended Marine Diesel Oil,0
1999-02,Marine Gas Oil,115.83
1999-02,Bio-Blended Marine Gas Oil,0
1999-02,Low Sulphur Marine Gas Oil,0
1999-02,Bio-Blended Low Sulphur Marine Gas Oil,0
1999-02,Marine Fuel Oil,1439.85
1999-02,Bio-Blended Marine Fuel Oil,0
1999-02,Low Sulphur Fuel Oil,0
1999-02,Bio-Blended Low Sulphur Fuel Oil,0
1999-02,Ultra Low Sulphur Fuel Oil,0
1999-02,Bio-Blended Ultra Low Sulphur Fuel Oil,0
1999-02,B100,0
1999-02,LNG,0
1999-02,Methanol,0
1999-02,Ammonia,0
1999-03,Marine Diesel Oil,31.84
1999-03,Bio-Blended Marine Diesel Oil,0
1999-03,Marine Gas Oil,140.83
1999-03,Bio-Blended Marine Gas Oil,0
1999-03,Low Sulphur Marine Gas Oil,0
1999-03,Bio-Blended Low Sulphur Marine Gas Oil,0
1999-03,Marine Fuel Oil,1562.89
1999-03,Bio-Blended Marine Fuel Oil,0
1999-03,Low Sulphur Fuel Oil,0
1999-03,Bio-Blended Low Sulphur Fuel Oil,0
1999-03,Ultra Low Sulphur Fuel Oil,0
1999-03,Bio-Blended Ultra Low Sulphur Fuel Oil,0
1999-03,B100,0
1999-03,LNG,0
1999-03,Methanol,0
1999-03,Ammonia,0
1999-04,Marine Diesel Oil,34.85
1999-04,Bio-Blended Marine Diesel Oil,0
1999-04,Marine Gas Oil,118.1
1999-04,Bio-Blended Marine Gas Oil,0
1999-04,Low Sulphur Marine Gas Oil,0
1999-04,Bio-Blended Low Sulphur Marine Gas Oil,0
1999-04,Marine Fuel Oil,1494.07
1999-04,Bio-Blended Marine Fuel Oil,0
1999-04,Low Sulphur Fuel Oil,0
1999-04,Bio-Blended Low Sulphur Fuel Oil,0
1999-04,Ultra Low Sulphur Fuel Oil,0
1999-04,Bio-Blended Ultra Low Sulphur Fuel Oil,0
1999-04,B100,0
1999-04,LNG,0
1999-04,Methanol,0
1999-04,Ammonia,0
1999-05,Marine Diesel Oil,33.05
1999-05,Bio-Blended Marine Diesel Oil,0
1999-05,Marine Gas Oil,112.35
1999-05,Bio-Blended Marine Gas Oil,0
1999-05,Low Sulphur Marine Gas Oil,0
1999-05,Bio-Blended Low Sulphur Marine Gas Oil,0
1999-05,Marine Fuel Oil,1418.89
1999-05,Bio-Blended Marine Fuel Oil,0
1999-05,Low Sulphur Fuel Oil,0
1999-05,Bio-Blended Low Sulphur Fuel Oil,0
1999-05,Ultra Low Sulphur Fuel Oil,0
1999-05,Bio-Blended Ultra Low Sulphur Fuel Oil,0
1999-05,B100,0
1999-05,LNG,0
1999-05,Methanol,0
1999-05,Ammonia,0
1999-06,Marine Diesel Oil,33.6
1999-06,Bio-Blended Marine Diesel Oil,0
1999-06,Marine Gas Oil,106.88
1999-06,Bio-Blended Marine Gas Oil,0
1999-06,Low Sulphur Marine Gas Oil,0
1999-06,Bio-Blended Low Sulphur Marine Gas Oil,0
1999-06,Marine Fuel Oil,1379.52
1999-06,Bio-Blended Marine Fuel Oil,0
1999-06,Low Sulphur Fuel Oil,0
1999-06,Bio-Blended Low Sulphur Fuel Oil,0
1999-06,Ultra Low Sulphur Fuel Oil,0
1999-06,Bio-Blended Ultra Low Sulphur Fuel Oil,0
1999-06,B100,0
1999-06,LNG,0
1999-06,Methanol,0
1999-06,Ammonia,0
1999-07,Marine Diesel Oil,33.23
1999-07,Bio-Blended Marine Diesel Oil,0
1999-07,Marine Gas Oil,109.86
1999-07,Bio-Blended Marine Gas Oil,0
1999-07,Low Sulphur Marine Gas Oil,0
1999-07,Bio-Blended Low Sulphur Marine Gas Oil,0
1999-07,Marine Fuel Oil,1486.42
1999-07,Bio-Blended Marine Fuel Oil,0
1999-07,Low Sulphur Fuel Oil,0
1999-07,Bio-Blended Low Sulphur Fuel Oil,0
1999-07,Ultra Low Sulphur Fuel Oil,0
1999-07,Bio-Blended Ultra Low Sulphur Fuel Oil,0
1999-07,B100,0
1999-07,LNG,0
1999-07,Methanol,0
1999-07,Ammonia,0
1999-08,Marine Diesel Oil,36.47
1999-08,Bio-Blended Marine Diesel Oil,0
1999-08,Marine Gas Oil,111.59
1999-08,Bio-Blended Marine Gas Oil,0
1999-08,Low Sulphur Marine Gas Oil,0
1999-08,Bio-Blended Low Sulphur Marine Gas Oil,0
1999-08,Marine Fuel Oil,1508.65
1999-08,Bio-Blended Marine Fuel Oil,0
1999-08,Low Sulphur Fuel Oil,0
1999-08,Bio-Blended Low Sulphur Fuel Oil,0
1999-08,Ultra Low Sulphur Fuel Oil,0
1999-08,Bio-Blended Ultra Low Sulphur Fuel Oil,0
1999-08,B100,0
1999-08,LNG,0
1999-08,Methanol,0
1999-08,Ammonia,0
1999-09,Marine Diesel Oil,34.32
1999-09,Bio-Blended Marine Diesel Oil,0
1999-09,Marine Gas Oil,104.51
1999-09,Bio-Blended Marine Gas Oil,0
1999-09,Low Sulphur Marine Gas Oil,0
1999-09,Bio-Blended Low Sulphur Marine Gas Oil,0
1999-09,Marine Fuel Oil,1346.08
1999-09,Bio-Blended Marine Fuel Oil,0
1999-09,Low Sulphur Fuel Oil,0
1999-09,Bio-Blended Low Sulphur Fuel Oil,0
1999-09,Ultra Low Sulphur Fuel Oil,0
1999-09,Bio-Blended Ultra Low Sulphur Fuel Oil,0
1999-09,B100,0
1999-09,LNG,0
1999-09,Methanol,0
1999-09,Ammonia,0
1999-10,Marine Diesel Oil,35.58
1999-10,Bio-Blended Marine Diesel Oil,0
1999-10,Marine Gas Oil,100.03
1999-10,Bio-Blended Marine Gas Oil,0
1999-10,Low Sulphur Marine Gas Oil,0
1999-10,Bio-Blended Low Sulphur Marine Gas Oil,0
1999-10,Marine Fuel Oil,1439.24
1999-10,Bio-Blended Marine Fuel Oil,0
1999-10,Low Sulphur Fuel Oil,0
1999-10,Bio-Blended Low Sulphur Fuel Oil,0
1999-10,Ultra Low Sulphur Fuel Oil,0
1999-10,Bio-Blended Ultra Low Sulphur Fuel Oil,0
1999-10,B100,0
1999-10,LNG,0
1999-10,Methanol,0
1999-10,Ammonia,0
1999-11,Marine Diesel Oil,31.52
1999-11,Bio-Blended Marine Diesel Oil,0
1999-11,Marine Gas Oil,90.36
1999-11,Bio-Blended Marine Gas Oil,0
1999-11,Low Sulphur Marine Gas Oil,0
1999-11,Bio-Blended Low Sulphur Marine Gas Oil,0
1999-11,Marine Fuel Oil,1212.23
1999-11,Bio-Blended Marine Fuel Oil,0
1999-11,Low Sulphur Fuel Oil,0
1999-11,Bio-Blended Low Sulphur Fuel Oil,0
1999-11,Ultra Low Sulphur Fuel Oil,0
1999-11,Bio-Blended Ultra Low Sulphur Fuel Oil,0
1999-11,B100,0
1999-11,LNG,0
1999-11,Methanol,0
1999-11,Ammonia,0
1999-12,Marine Diesel Oil,31.75
1999-12,Bio-Blended Marine Diesel Oil,0
1999-12,Marine Gas Oil,106.19
1999-12,Bio-Blended Marine Gas Oil,0
1999-12,Low Sulphur Marine Gas Oil,0
1999-12,Bio-Blended Low Sulphur Marine Gas Oil,0
1999-12,Marine Fuel Oil,1424.27
1999-12,Bio-Blended Marine Fuel Oil,0
1999-12,Low Sulphur Fuel Oil,0
1999-12,Bio-Blended Low Sulphur Fuel Oil,0
1999-12,Ultra Low Sulphur Fuel Oil,0
1999-12,Bio-Blended Ultra Low Sulphur Fuel Oil,0
1999-12,B100,0
1999-12,LNG,0
1999-12,Methanol,0
1999-12,Ammonia,0
2000-01,Marine Diesel Oil,27.98
2000-01,Bio-Blended Marine Diesel Oil,0
2000-01,Marine Gas Oil,105.87
2000-01,Bio-Blended Marine Gas Oil,0
2000-01,Low Sulphur Marine Gas Oil,0
2000-01,Bio-Blended Low Sulphur Marine Gas Oil,0
2000-01,Marine Fuel Oil,1469.85
2000-01,Bio-Blended Marine Fuel Oil,0
2000-01,Low Sulphur Fuel Oil,0
2000-01,Bio-Blended Low Sulphur Fuel Oil,0
2000-01,Ultra Low Sulphur Fuel Oil,0
2000-01,Bio-Blended Ultra Low Sulphur Fuel Oil,0
2000-01,B100,0
2000-01,LNG,0
2000-01,Methanol,0
2000-01,Ammonia,0
2000-02,Marine Diesel Oil,27.13
2000-02,Bio-Blended Marine Diesel Oil,0
2000-02,Marine Gas Oil,89.62
2000-02,Bio-Blended Marine Gas Oil,0
2000-02,Low Sulphur Marine Gas Oil,0
2000-02,Bio-Blended Low Sulphur Marine Gas Oil,0
2000-02,Marine Fuel Oil,1308.88
2000-02,Bio-Blended Marine Fuel Oil,0
2000-02,Low Sulphur Fuel Oil,0
2000-02,Bio-Blended Low Sulphur Fuel Oil,0
2000-02,Ultra Low Sulphur Fuel Oil,0
2000-02,Bio-Blended Ultra Low Sulphur Fuel Oil,0
2000-02,B100,0
2000-02,LNG,0
2000-02,Methanol,0
2000-02,Ammonia,0
2000-03,Marine Diesel Oil,23.85
2000-03,Bio-Blended Marine Diesel Oil,0
2000-03,Marine Gas Oil,92.76
2000-03,Bio-Blended Marine Gas Oil,0
2000-03,Low Sulphur Marine Gas Oil,0
2000-03,Bio-Blended Low Sulphur Marine Gas Oil,0
2000-03,Marine Fuel Oil,1240.01
2000-03,Bio-Blended Marine Fuel Oil,0
2000-03,Low Sulphur Fuel Oil,0
2000-03,Bio-Blended Low Sulphur Fuel Oil,0
2000-03,Ultra Low Sulphur Fuel Oil,0
2000-03,Bio-Blended Ultra Low Sulphur Fuel Oil,0
2000-03,B100,0
2000-03,LNG,0
2000-03,Methanol,0
2000-03,Ammonia,0
2000-04,Marine Diesel Oil,23.48
2000-04,Bio-Blended Marine Diesel Oil,0
2000-04,Marine Gas Oil,101.22
2000-04,Bio-Blended Marine Gas Oil,0
2000-04,Low Sulphur Marine Gas Oil,0
2000-04,Bio-Blended Low Sulphur Marine Gas Oil,0
2000-04,Marine Fuel Oil,1351.75
2000-04,Bio-Blended Marine Fuel Oil,0
2000-04,Low Sulphur Fuel Oil,0
2000-04,Bio-Blended Low Sulphur Fuel Oil,0
2000-04,Ultra Low Sulphur Fuel Oil,0
2000-04,Bio-Blended Ultra Low Sulphur Fuel Oil,0
2000-04,B100,0
2000-04,LNG,0
2000-04,Methanol,0
2000-04,Ammonia,0
2000-05,Marine Diesel Oil,29.08
2000-05,Bio-Blended Marine Diesel Oil,0
2000-05,Marine Gas Oil,100.24
2000-05,Bio-Blended Marine Gas Oil,0
2000-05,Low Sulphur Marine Gas Oil,0
2000-05,Bio-Blended Low Sulphur Marine Gas Oil,0
2000-05,Marine Fuel Oil,1436.58
2000-05,Bio-Blended Marine Fuel Oil,0
2000-05,Low Sulphur Fuel Oil,0
2000-05,Bio-Blended Low Sulphur Fuel Oil,0
2000-05,Ultra Low Sulphur Fuel Oil,0
2000-05,Bio-Blended Ultra Low Sulphur Fuel Oil,0
2000-05,B100,0
2000-05,LNG,0
2000-05,Methanol,0
2000-05,Ammonia,0
2000-06,Marine Diesel Oil,24.23
2000-06,Bio-Blended Marine Diesel Oil,0
2000-06,Marine Gas Oil,105.53
2000-06,Bio-Blended Marine Gas Oil,0
2000-06,Low Sulphur Marine Gas Oil,0
2000-06,Bio-Blended Low Sulphur Marine Gas Oil,0
2000-06,Marine Fuel Oil,1426.03
2000-06,Bio-Blended Marine Fuel Oil,0
2000-06,Low Sulphur Fuel Oil,0
2000-06,Bio-Blended Low Sulphur Fuel Oil,0
2000-06,Ultra Low Sulphur Fuel Oil,0
2000-06,Bio-Blended Ultra Low Sulphur Fuel Oil,0
2000-06,B100,0
2000-06,LNG,0
2000-06,Methanol,0
2000-06,Ammonia,0
2000-07,Marine Diesel Oil,22.44
2000-07,Bio-Blended Marine Diesel Oil,0
2000-07,Marine Gas Oil,104.46
2000-07,Bio-Blended Marine Gas Oil,0
2000-07,Low Sulphur Marine Gas Oil,0
2000-07,Bio-Blended Low Sulphur Marine Gas Oil,0
2000-07,Marine Fuel Oil,1494.54
2000-07,Bio-Blended Marine Fuel Oil,0
2000-07,Low Sulphur Fuel Oil,0
2000-07,Bio-Blended Low Sulphur Fuel Oil,0
2000-07,Ultra Low Sulphur Fuel Oil,0
2000-07,Bio-Blended Ultra Low Sulphur Fuel Oil,0
2000-07,B100,0
2000-07,LNG,0
2000-07,Methanol,0
2000-07,Ammonia,0
2000-08,Marine Diesel Oil,24.36
2000-08,Bio-Blended Marine Diesel Oil,0
2000-08,Marine Gas Oil,108.17
2000-08,Bio-Blended Marine Gas Oil,0
2000-08,Low Sulphur Marine Gas Oil,0
2000-08,Bio-Blended Low Sulphur Marine Gas Oil,0
2000-08,Marine Fuel Oil,1599.75
2000-08,Bio-Blended Marine Fuel Oil,0
2000-08,Low Sulphur Fuel Oil,0
2000-08,Bio-Blended Low Sulphur Fuel Oil,0
2000-08,Ultra Low Sulphur Fuel Oil,0
2000-08,Bio-Blended Ultra Low Sulphur Fuel Oil,0
2000-08,B100,0
2000-08,LNG,0
2000-08,Methanol,0
2000-08,Ammonia,0
2000-09,Marine Diesel Oil,17.1
2000-09,Bio-Blended Marine Diesel Oil,0
2000-09,Marine Gas Oil,108.22
2000-09,Bio-Blended Marine Gas Oil,0
2000-09,Low Sulphur Marine Gas Oil,0
2000-09,Bio-Blended Low Sulphur Marine Gas Oil,0
2000-09,Marine Fuel Oil,1410.67
2000-09,Bio-Blended Marine Fuel Oil,0
2000-09,Low Sulphur Fuel Oil,0
2000-09,Bio-Blended Low Sulphur Fuel Oil,0
2000-09,Ultra Low Sulphur Fuel Oil,0
2000-09,Bio-Blended Ultra Low Sulphur Fuel Oil,0
2000-09,B100,0
2000-09,LNG,0
2000-09,Methanol,0
2000-09,Ammonia,0
2000-10,Marine Diesel Oil,34.03
2000-10,Bio-Blended Marine Diesel Oil,0
2000-10,Marine Gas Oil,102.24
2000-10,Bio-Blended Marine Gas Oil,0
2000-10,Low Sulphur Marine Gas Oil,0
2000-10,Bio-Blended Low Sulphur Marine Gas Oil,0
2000-10,Marine Fuel Oil,1436.21
2000-10,Bio-Blended Marine Fuel Oil,0
2000-10,Low Sulphur Fuel Oil,0
2000-10,Bio-Blended Low Sulphur Fuel Oil,0
2000-10,Ultra Low Sulphur Fuel Oil,0
2000-10,Bio-Blended Ultra Low Sulphur Fuel Oil,0
2000-10,B100,0
2000-10,LNG,0
2000-10,Methanol,0
2000-10,Ammonia,0
2000-11,Marine Diesel Oil,21.13
2000-11,Bio-Blended Marine Diesel Oil,0
2000-11,Marine Gas Oil,109.89
2000-11,Bio-Blended Marine Gas Oil,0
2000-11,Low Sulphur Marine Gas Oil,0
2000-11,Bio-Blended Low Sulphur Marine Gas Oil,0
2000-11,Marine Fuel Oil,1326.28
2000-11,Bio-Blended Marine Fuel Oil,0
2000-11,Low Sulphur Fuel Oil,0
2000-11,Bio-Blended Low Sulphur Fuel Oil,0
2000-11,Ultra Low Sulphur Fuel Oil,0
2000-11,Bio-Blended Ultra Low Sulphur Fuel Oil,0
2000-11,B100,0
2000-11,LNG,0
2000-11,Methanol,0
2000-11,Ammonia,0
2000-12,Marine Diesel Oil,21.85
2000-12,Bio-Blended Marine Diesel Oil,0
2000-12,Marine Gas Oil,129.54
2000-12,Bio-Blended Marine Gas Oil,0
2000-12,Low Sulphur Marine Gas Oil,0
2000-12,Bio-Blended Low Sulphur Marine Gas Oil,0
2000-12,Marine Fuel Oil,1595.82
2000-12,Bio-Blended Marine Fuel Oil,0
2000-12,Low Sulphur Fuel Oil,0
2000-12,Bio-Blended Low Sulphur Fuel Oil,0
2000-12,Ultra Low Sulphur Fuel Oil,0
2000-12,Bio-Blended Ultra Low Sulphur Fuel Oil,0
2000-12,B100,0
2000-12,LNG,0
2000-12,Methanol,0
2000-12,Ammonia,0
2001-01,Marine Diesel Oil,26.66
2001-01,Bio-Blended Marine Diesel Oil,0
2001-01,Marine Gas Oil,125.18
2001-01,Bio-Blended Marine Gas Oil,0
2001-01,Low Sulphur Marine Gas Oil,0
2001-01,Bio-Blended Low Sulphur Marine Gas Oil,0
2001-01,Marine Fuel Oil,1566.06
2001-01,Bio-Blended Marine Fuel Oil,0
2001-01,Low Sulphur Fuel Oil,0
2001-01,Bio-Blended Low Sulphur Fuel Oil,0
2001-01,Ultra Low Sulphur Fuel Oil,0
2001-01,Bio-Blended Ultra Low Sulphur Fuel Oil,0
2001-01,B100,0
2001-01,LNG,0
2001-01,Methanol,0
2001-01,Ammonia,0
2001-02,Marine Diesel Oil,24.19
2001-02,Bio-Blended Marine Diesel Oil,0
2001-02,Marine Gas Oil,118.27
2001-02,Bio-Blended Marine Gas Oil,0
2001-02,Low Sulphur Marine Gas Oil,0
2001-02,Bio-Blended Low Sulphur Marine Gas Oil,0
2001-02,Marine Fuel Oil,1391.01
2001-02,Bio-Blended Marine Fuel Oil,0
2001-02,Low Sulphur Fuel Oil,0
2001-02,Bio-Blended Low Sulphur Fuel Oil,0
2001-02,Ultra Low Sulphur Fuel Oil,0
2001-02,Bio-Blended Ultra Low Sulphur Fuel Oil,0
2001-02,B100,0
2001-02,LNG,0
2001-02,Methanol,0
2001-02,Ammonia,0
2001-03,Marine Diesel Oil,20.93
2001-03,Bio-Blended Marine Diesel Oil,0
2001-03,Marine Gas Oil,123.58
2001-03,Bio-Blended Marine Gas Oil,0
2001-03,Low Sulphur Marine Gas Oil,0
2001-03,Bio-Blended Low Sulphur Marine Gas Oil,0
2001-03,Marine Fuel Oil,1484.34
2001-03,Bio-Blended Marine Fuel Oil,0
2001-03,Low Sulphur Fuel Oil,0
2001-03,Bio-Blended Low Sulphur Fuel Oil,0
2001-03,Ultra Low Sulphur Fuel Oil,0
2001-03,Bio-Blended Ultra Low Sulphur Fuel Oil,0
2001-03,B100,0
2001-03,LNG,0
2001-03,Methanol,0
2001-03,Ammonia,0
2001-04,Marine Diesel Oil,20.31
2001-04,Bio-Blended Marine Diesel Oil,0
2001-04,Marine Gas Oil,118.86
2001-04,Bio-Blended Marine Gas Oil,0
2001-04,Low Sulphur Marine Gas Oil,0
2001-04,Bio-Blended Low Sulphur Marine Gas Oil,0
2001-04,Marine Fuel Oil,1575.36
2001-04,Bio-Blended Marine Fuel Oil,0
2001-04,Low Sulphur Fuel Oil,0
2001-04,Bio-Blended Low Sulphur Fuel Oil,0
2001-04,Ultra Low Sulphur Fuel Oil,0
2001-04,Bio-Blended Ultra Low Sulphur Fuel Oil,0
2001-04,B100,0
2001-04,LNG,0
2001-04,Methanol,0
2001-04,Ammonia,0
2001-05,Marine Diesel Oil,19.91
2001-05,Bio-Blended Marine Diesel Oil,0
2001-05,Marine Gas Oil,118.44
2001-05,Bio-Blended Marine Gas Oil,0
2001-05,Low Sulphur Marine Gas Oil,0
2001-05,Bio-Blended Low Sulphur Marine Gas Oil,0
2001-05,Marine Fuel Oil,1431.52
2001-05,Bio-Blended Marine Fuel Oil,0
2001-05,Low Sulphur Fuel Oil,0
2001-05,Bio-Blended Low Sulphur Fuel Oil,0
2001-05,Ultra Low Sulphur Fuel Oil,0
2001-05,Bio-Blended Ultra Low Sulphur Fuel Oil,0
2001-05,B100,0
2001-05,LNG,0
2001-05,Methanol,0
2001-05,Ammonia,0
2001-06,Marine Diesel Oil,17.13
2001-06,Bio-Blended Marine Diesel Oil,0
2001-06,Marine Gas Oil,120.48
2001-06,Bio-Blended Marine Gas Oil,0
2001-06,Low Sulphur Marine Gas Oil,0
2001-06,Bio-Blended Low Sulphur Marine Gas Oil,0
2001-06,Marine Fuel Oil,1493.85
2001-06,Bio-Blended Marine Fuel Oil,0
2001-06,Low Sulphur Fuel Oil,0
2001-06,Bio-Blended Low Sulphur Fuel Oil,0
2001-06,Ultra Low Sulphur Fuel Oil,0
2001-06,Bio-Blended Ultra Low Sulphur Fuel Oil,0
2001-06,B100,0
2001-06,LNG,0
2001-06,Methanol,0
2001-06,Ammonia,0
2001-07,Marine Diesel Oil,19.39
2001-07,Bio-Blended Marine Diesel Oil,0
2001-07,Marine Gas Oil,161.92
2001-07,Bio-Blended Marine Gas Oil,0
2001-07,Low Sulphur Marine Gas Oil,0
2001-07,Bio-Blended Low Sulphur Marine Gas Oil,0
2001-07,Marine Fuel Oil,1602.34
2001-07,Bio-Blended Marine Fuel Oil,0
2001-07,Low Sulphur Fuel Oil,0
2001-07,Bio-Blended Low Sulphur Fuel Oil,0
2001-07,Ultra Low Sulphur Fuel Oil,0
2001-07,Bio-Blended Ultra Low Sulphur Fuel Oil,0
2001-07,B100,0
2001-07,LNG,0
2001-07,Methanol,0
2001-07,Ammonia,0
2001-08,Marine Diesel Oil,23.99
2001-08,Bio-Blended Marine Diesel Oil,0
2001-08,Marine Gas Oil,136.2
2001-08,Bio-Blended Marine Gas Oil,0
2001-08,Low Sulphur Marine Gas Oil,0
2001-08,Bio-Blended Low Sulphur Marine Gas Oil,0
2001-08,Marine Fuel Oil,1577.17
2001-08,Bio-Blended Marine Fuel Oil,0
2001-08,Low Sulphur Fuel Oil,0
2001-08,Bio-Blended Low Sulphur Fuel Oil,0
2001-08,Ultra Low Sulphur Fuel Oil,0
2001-08,Bio-Blended Ultra Low Sulphur Fuel Oil,0
2001-08,B100,0
2001-08,LNG,0
2001-08,Methanol,0
2001-08,Ammonia,0
2001-09,Marine Diesel Oil,20.46
2001-09,Bio-Blended Marine Diesel Oil,0
2001-09,Marine Gas Oil,130.43
2001-09,Bio-Blended Marine Gas Oil,0
2001-09,Low Sulphur Marine Gas Oil,0
2001-09,Bio-Blended Low Sulphur Marine Gas Oil,0
2001-09,Marine Fuel Oil,1577.2
2001-09,Bio-Blended Marine Fuel Oil,0
2001-09,Low Sulphur Fuel Oil,0
2001-09,Bio-Blended Low Sulphur Fuel Oil,0
2001-09,Ultra Low Sulphur Fuel Oil,0
2001-09,Bio-Blended Ultra Low Sulphur Fuel Oil,0
2001-09,B100,0
2001-09,LNG,0
2001-09,Methanol,0
2001-09,Ammonia,0
2001-10,Marine Diesel Oil,19.3
2001-10,Bio-Blended Marine Diesel Oil,0
2001-10,Marine Gas Oil,158.09
2001-10,Bio-Blended Marine Gas Oil,0
2001-10,Low Sulphur Marine Gas Oil,0
2001-10,Bio-Blended Low Sulphur Marine Gas Oil,0
2001-10,Marine Fuel Oil,1700.34
2001-10,Bio-Blended Marine Fuel Oil,0
2001-10,Low Sulphur Fuel Oil,0
2001-10,Bio-Blended Low Sulphur Fuel Oil,0
2001-10,Ultra Low Sulphur Fuel Oil,0
2001-10,Bio-Blended Ultra Low Sulphur Fuel Oil,0
2001-10,B100,0
2001-10,LNG,0
2001-10,Methanol,0
2001-10,Ammonia,0
2001-11,Marine Diesel Oil,18.39
2001-11,Bio-Blended Marine Diesel Oil,0
2001-11,Marine Gas Oil,157.77
2001-11,Bio-Blended Marine Gas Oil,0
2001-11,Low Sulphur Marine Gas Oil,0
2001-11,Bio-Blended Low Sulphur Marine Gas Oil,0
2001-11,Marine Fuel Oil,1530.78
2001-11,Bio-Blended Marine Fuel Oil,0
2001-11,Low Sulphur Fuel Oil,0
2001-11,Bio-Blended Low Sulphur Fuel Oil,0
2001-11,Ultra Low Sulphur Fuel Oil,0
2001-11,Bio-Blended Ultra Low Sulphur Fuel Oil,0
2001-11,B100,0
2001-11,LNG,0
2001-11,Methanol,0
2001-11,Ammonia,0
2001-12,Marine Diesel Oil,19.16
2001-12,Bio-Blended Marine Diesel Oil,0
2001-12,Marine Gas Oil,206.14
2001-12,Bio-Blended Marine Gas Oil,0
2001-12,Low Sulphur Marine Gas Oil,0
2001-12,Bio-Blended Low Sulphur Marine Gas Oil,0
2001-12,Marine Fuel Oil,1496.56
2001-12,Bio-Blended Marine Fuel Oil,0
2001-12,Low Sulphur Fuel Oil,0
2001-12,Bio-Blended Low Sulphur Fuel Oil,0
2001-12,Ultra Low Sulphur Fuel Oil,0
2001-12,Bio-Blended Ultra Low Sulphur Fuel Oil,0
2001-12,B100,0
2001-12,LNG,0
2001-12,Methanol,0
2001-12,Ammonia,0
2002-01,Marine Diesel Oil,20.03
2002-01,Bio-Blended Marine Diesel Oil,0
2002-01,Marine Gas Oil,163.68
2002-01,Bio-Blended Marine Gas Oil,0
2002-01,Low Sulphur Marine Gas Oil,0
2002-01,Bio-Blended Low Sulphur Marine Gas Oil,0
2002-01,Marine Fuel Oil,1427.84
2002-01,Bio-Blended Marine Fuel Oil,0
2002-01,Low Sulphur Fuel Oil,0
2002-01,Bio-Blended Low Sulphur Fuel Oil,0
2002-01,Ultra Low Sulphur Fuel Oil,0
2002-01,Bio-Blended Ultra Low Sulphur Fuel Oil,0
2002-01,B100,0
2002-01,LNG,0
2002-01,Methanol,0
2002-01,Ammonia,0
2002-02,Marine Diesel Oil,14.52
2002-02,Bio-Blended Marine Diesel Oil,0
2002-02,Marine Gas Oil,147.54
2002-02,Bio-Blended Marine Gas Oil,0
2002-02,Low Sulphur Marine Gas Oil,0
2002-02,Bio-Blended Low Sulphur Marine Gas Oil,0
2002-02,Marine Fuel Oil,1432.2
2002-02,Bio-Blended Marine Fuel Oil,0
2002-02,Low Sulphur Fuel Oil,0
2002-02,Bio-Blended Low Sulphur Fuel Oil,0
2002-02,Ultra Low Sulphur Fuel Oil,0
2002-02,Bio-Blended Ultra Low Sulphur Fuel Oil,0
2002-02,B100,0
2002-02,LNG,0
2002-02,Methanol,0
2002-02,Ammonia,0
2002-03,Marine Diesel Oil,17.87
2002-03,Bio-Blended Marine Diesel Oil,0
2002-03,Marine Gas Oil,172.13
2002-03,Bio-Blended Marine Gas Oil,0
2002-03,Low Sulphur Marine Gas Oil,0
2002-03,Bio-Blended Low Sulphur Marine Gas Oil,0
2002-03,Marine Fuel Oil,1491.41
2002-03,Bio-Blended Marine Fuel Oil,0
2002-03,Low Sulphur Fuel Oil,0
2002-03,Bio-Blended Low Sulphur Fuel Oil,0
2002-03,Ultra Low Sulphur Fuel Oil,0
2002-03,Bio-Blended Ultra Low Sulphur Fuel Oil,0
2002-03,B100,0
2002-03,LNG,0
2002-03,Methanol,0
2002-03,Ammonia,0
2002-04,Marine Diesel Oil,16.43
2002-04,Bio-Blended Marine Diesel Oil,0
2002-04,Marine Gas Oil,147.98
2002-04,Bio-Blended Marine Gas Oil,0
2002-04,Low Sulphur Marine Gas Oil,0
2002-04,Bio-Blended Low Sulphur Marine Gas Oil,0
2002-04,Marine Fuel Oil,1517.31
2002-04,Bio-Blended Marine Fuel Oil,0
2002-04,Low Sulphur Fuel Oil,0
2002-04,Bio-Blended Low Sulphur Fuel Oil,0
2002-04,Ultra Low Sulphur Fuel Oil,0
2002-04,Bio-Blended Ultra Low Sulphur Fuel Oil,0
2002-04,B100,0
2002-04,LNG,0
2002-04,Methanol,0
2002-04,Ammonia,0
2002-05,Marine Diesel Oil,18.94
2002-05,Bio-Blended Marine Diesel Oil,0
2002-05,Marine Gas Oil,139.57
2002-05,Bio-Blended Marine Gas Oil,0
2002-05,Low Sulphur Marine Gas Oil,0
2002-05,Bio-Blended Low Sulphur Marine Gas Oil,0
2002-05,Marine Fuel Oil,1531.73
2002-05,Bio-Blended Marine Fuel Oil,0
2002-05,Low Sulphur Fuel Oil,0
2002-05,Bio-Blended Low Sulphur Fuel Oil,0
2002-05,Ultra Low Sulphur Fuel Oil,0
2002-05,Bio-Blended Ultra Low Sulphur Fuel Oil,0
2002-05,B100,0
2002-05,LNG,0
2002-05,Methanol,0
2002-05,Ammonia,0
2002-06,Marine Diesel Oil,14.38
2002-06,Bio-Blended Marine Diesel Oil,0
2002-06,Marine Gas Oil,139.1
2002-06,Bio-Blended Marine Gas Oil,0
2002-06,Low Sulphur Marine Gas Oil,0
2002-06,Bio-Blended Low Sulphur Marine Gas Oil,0
2002-06,Marine Fuel Oil,1500.69
2002-06,Bio-Blended Marine Fuel Oil,0
2002-06,Low Sulphur Fuel Oil,0
2002-06,Bio-Blended Low Sulphur Fuel Oil,0
2002-06,Ultra Low Sulphur Fuel Oil,0
2002-06,Bio-Blended Ultra Low Sulphur Fuel Oil,0
2002-06,B100,0
2002-06,LNG,0
2002-06,Methanol,0
2002-06,Ammonia,0
2002-07,Marine Diesel Oil,16.84
2002-07,Bio-Blended Marine Diesel Oil,0
2002-07,Marine Gas Oil,169.24
2002-07,Bio-Blended Marine Gas Oil,0
2002-07,Low Sulphur Marine Gas Oil,0
2002-07,Bio-Blended Low Sulphur Marine Gas Oil,0
2002-07,Marine Fuel Oil,1455.5
2002-07,Bio-Blended Marine Fuel Oil,0
2002-07,Low Sulphur Fuel Oil,0
2002-07,Bio-Blended Low Sulphur Fuel Oil,0
2002-07,Ultra Low Sulphur Fuel Oil,0
2002-07,Bio-Blended Ultra Low Sulphur Fuel Oil,0
2002-07,B100,0
2002-07,LNG,0
2002-07,Methanol,0
2002-07,Ammonia,0
2002-08,Marine Diesel Oil,14.17
2002-08,Bio-Blended Marine Diesel Oil,0
2002-08,Marine Gas Oil,142.61
2002-08,Bio-Blended Marine Gas Oil,0
2002-08,Low Sulphur Marine Gas Oil,0
2002-08,Bio-Blended Low Sulphur Marine Gas Oil,0
2002-08,Marine Fuel Oil,1507.41
2002-08,Bio-Blended Marine Fuel Oil,0
2002-08,Low Sulphur Fuel Oil,0
2002-08,Bio-Blended Low Sulphur Fuel Oil,0
2002-08,Ultra Low Sulphur Fuel Oil,0
2002-08,Bio-Blended Ultra Low Sulphur Fuel Oil,0
2002-08,B100,0
2002-08,LNG,0
2002-08,Methanol,0
2002-08,Ammonia,0
2002-09,Marine Diesel Oil,14.78
2002-09,Bio-Blended Marine Diesel Oil,0
2002-09,Marine Gas Oil,144.08
2002-09,Bio-Blended Marine Gas Oil,0
2002-09,Low Sulphur Marine Gas Oil,0
2002-09,Bio-Blended Low Sulphur Marine Gas Oil,0
2002-09,Marine Fuel Oil,1450.66
2002-09,Bio-Blended Marine Fuel Oil,0
2002-09,Low Sulphur Fuel Oil,0
2002-09,Bio-Blended Low Sulphur Fuel Oil,0
2002-09,Ultra Low Sulphur Fuel Oil,0
2002-09,Bio-Blended Ultra Low Sulphur Fuel Oil,0
2002-09,B100,0
2002-09,LNG,0
2002-09,Methanol,0
2002-09,Ammonia,0
2002-10,Marine Diesel Oil,13.87
2002-10,Bio-Blended Marine Diesel Oil,0
2002-10,Marine Gas Oil,133.83
2002-10,Bio-Blended Marine Gas Oil,0
2002-10,Low Sulphur Marine Gas Oil,0
2002-10,Bio-Blended Low Sulphur Marine Gas Oil,0
2002-10,Marine Fuel Oil,1554.17
2002-10,Bio-Blended Marine Fuel Oil,0
2002-10,Low Sulphur Fuel Oil,0
2002-10,Bio-Blended Low Sulphur Fuel Oil,0
2002-10,Ultra Low Sulphur Fuel Oil,0
2002-10,Bio-Blended Ultra Low Sulphur Fuel Oil,0
2002-10,B100,0
2002-10,LNG,0
2002-10,Methanol,0
2002-10,Ammonia,0
2002-11,Marine Diesel Oil,13.27
2002-11,Bio-Blended Marine Diesel Oil,0
2002-11,Marine Gas Oil,120.47
2002-11,Bio-Blended Marine Gas Oil,0
2002-11,Low Sulphur Marine Gas Oil,0
2002-11,Bio-Blended Low Sulphur Marine Gas Oil,0
2002-11,Marine Fuel Oil,1683.89
2002-11,Bio-Blended Marine Fuel Oil,0
2002-11,Low Sulphur Fuel Oil,0
2002-11,Bio-Blended Low Sulphur Fuel Oil,0
2002-11,Ultra Low Sulphur Fuel Oil,0
2002-11,Bio-Blended Ultra Low Sulphur Fuel Oil,0
2002-11,B100,0
2002-11,LNG,0
2002-11,Methanol,0
2002-11,Ammonia,0
2002-12,Marine Diesel Oil,11.96
2002-12,Bio-Blended Marine Diesel Oil,0
2002-12,Marine Gas Oil,132.63
2002-12,Bio-Blended Marine Gas Oil,0
2002-12,Low Sulphur Marine Gas Oil,0
2002-12,Bio-Blended Low Sulphur Marine Gas Oil,0
2002-12,Marine Fuel Oil,1603.64
2002-12,Bio-Blended Marine Fuel Oil,0
2002-12,Low Sulphur Fuel Oil,0
2002-12,Bio-Blended Low Sulphur Fuel Oil,0
2002-12,Ultra Low Sulphur Fuel Oil,0
2002-12,Bio-Blended Ultra Low Sulphur Fuel Oil,0
2002-12,B100,0
2002-12,LNG,0
2002-12,Methanol,0
2002-12,Ammonia,0
2003-01,Marine Diesel Oil,21.95
2003-01,Bio-Blended Marine Diesel Oil,0
2003-01,Marine Gas Oil,116.07
2003-01,Bio-Blended Marine Gas Oil,0
2003-01,Low Sulphur Marine Gas Oil,0
2003-01,Bio-Blended Low Sulphur Marine Gas Oil,0
2003-01,Marine Fuel Oil,1662.12
2003-01,Bio-Blended Marine Fuel Oil,0
2003-01,Low Sulphur Fuel Oil,0
2003-01,Bio-Blended Low Sulphur Fuel Oil,0
2003-01,Ultra Low Sulphur Fuel Oil,0
2003-01,Bio-Blended Ultra Low Sulphur Fuel Oil,0
2003-01,B100,0
2003-01,LNG,0
2003-01,Methanol,0
2003-01,Ammonia,0
2003-02,Marine Diesel Oil,11.13
2003-02,Bio-Blended Marine Diesel Oil,0
2003-02,Marine Gas Oil,94.5
2003-02,Bio-Blended Marine Gas Oil,0
2003-02,Low Sulphur Marine Gas Oil,0
2003-02,Bio-Blended Low Sulphur Marine Gas Oil,0
2003-02,Marine Fuel Oil,1501.43
2003-02,Bio-Blended Marine Fuel Oil,0
2003-02,Low Sulphur Fuel Oil,0
2003-02,Bio-Blended Low Sulphur Fuel Oil,0
2003-02,Ultra Low Sulphur Fuel Oil,0
2003-02,Bio-Blended Ultra Low Sulphur Fuel Oil,0
2003-02,B100,0
2003-02,LNG,0
2003-02,Methanol,0
2003-02,Ammonia,0
2003-03,Marine Diesel Oil,13.62
2003-03,Bio-Blended Marine Diesel Oil,0
2003-03,Marine Gas Oil,109.14
2003-03,Bio-Blended Marine Gas Oil,0
2003-03,Low Sulphur Marine Gas Oil,0
2003-03,Bio-Blended Low Sulphur Marine Gas Oil,0
2003-03,Marine Fuel Oil,1638.4
2003-03,Bio-Blended Marine Fuel Oil,0
2003-03,Low Sulphur Fuel Oil,0
2003-03,Bio-Blended Low Sulphur Fuel Oil,0
2003-03,Ultra Low Sulphur Fuel Oil,0
2003-03,Bio-Blended Ultra Low Sulphur Fuel Oil,0
2003-03,B100,0
2003-03,LNG,0
2003-03,Methanol,0
2003-03,Ammonia,0
2003-04,Marine Diesel Oil,13.5
2003-04,Bio-Blended Marine Diesel Oil,0
2003-04,Marine Gas Oil,125.03
2003-04,Bio-Blended Marine Gas Oil,0
2003-04,Low Sulphur Marine Gas Oil,0
2003-04,Bio-Blended Low Sulphur Marine Gas Oil,0
2003-04,Marine Fuel Oil,1521.15
2003-04,Bio-Blended Marine Fuel Oil,0
2003-04,Low Sulphur Fuel Oil,0
2003-04,Bio-Blended Low Sulphur Fuel Oil,0
2003-04,Ultra Low Sulphur Fuel Oil,0
2003-04,Bio-Blended Ultra Low Sulphur Fuel Oil,0
2003-04,B100,0
2003-04,LNG,0
2003-04,Methanol,0
2003-04,Ammonia,0
2003-05,Marine Diesel Oil,12.58
2003-05,Bio-Blended Marine Diesel Oil,0
2003-05,Marine Gas Oil,117.83
2003-05,Bio-Blended Marine Gas Oil,0
2003-05,Low Sulphur Marine Gas Oil,0
2003-05,Bio-Blended Low Sulphur Marine Gas Oil,0
2003-05,Marine Fuel Oil,1617.22
2003-05,Bio-Blended Marine Fuel Oil,0
2003-05,Low Sulphur Fuel Oil,0
2003-05,Bio-Blended Low Sulphur Fuel Oil,0
2003-05,Ultra Low Sulphur Fuel Oil,0
2003-05,Bio-Blended Ultra Low Sulphur Fuel Oil,0
2003-05,B100,0
2003-05,LNG,0
2003-05,Methanol,0
2003-05,Ammonia,0
2003-06,Marine Diesel Oil,15.78
2003-06,Bio-Blended Marine Diesel Oil,0
2003-06,Marine Gas Oil,115.26
2003-06,Bio-Blended Marine Gas Oil,0
2003-06,Low Sulphur Marine Gas Oil,0
2003-06,Bio-Blended Low Sulphur Marine Gas Oil,0
2003-06,Marine Fuel Oil,1550
2003-06,Bio-Blended Marine Fuel Oil,0
2003-06,Low Sulphur Fuel Oil,0
2003-06,Bio-Blended Low Sulphur Fuel Oil,0
2003-06,Ultra Low Sulphur Fuel Oil,0
2003-06,Bio-Blended Ultra Low Sulphur Fuel Oil,0
2003-06,B100,0
2003-06,LNG,0
2003-06,Methanol,0
2003-06,Ammonia,0
2003-07,Marine Diesel Oil,11.77
2003-07,Bio-Blended Marine Diesel Oil,0
2003-07,Marine Gas Oil,111.63
2003-07,Bio-Blended Marine Gas Oil,0
2003-07,Low Sulphur Marine Gas Oil,0
2003-07,Bio-Blended Low Sulphur Marine Gas Oil,0
2003-07,Marine Fuel Oil,1481.51
2003-07,Bio-Blended Marine Fuel Oil,0
2003-07,Low Sulphur Fuel Oil,0
2003-07,Bio-Blended Low Sulphur Fuel Oil,0
2003-07,Ultra Low Sulphur Fuel Oil,0
2003-07,Bio-Blended Ultra Low Sulphur Fuel Oil,0
2003-07,B100,0
2003-07,LNG,0
2003-07,Methanol,0
2003-07,Ammonia,0
2003-08,Marine Diesel Oil,12.91
2003-08,Bio-Blended Marine Diesel Oil,0
2003-08,Marine Gas Oil,108.59
2003-08,Bio-Blended Marine Gas Oil,0
2003-08,Low Sulphur Marine Gas Oil,0
2003-08,Bio-Blended Low Sulphur Marine Gas Oil,0
2003-08,Marine Fuel Oil,1588.76
2003-08,Bio-Blended Marine Fuel Oil,0
2003-08,Low Sulphur Fuel Oil,0
2003-08,Bio-Blended Low Sulphur Fuel Oil,0
2003-08,Ultra Low Sulphur Fuel Oil,0
2003-08,Bio-Blended Ultra Low Sulphur Fuel Oil,0
2003-08,B100,0
2003-08,LNG,0
2003-08,Methanol,0
2003-08,Ammonia,0
2003-09,Marine Diesel Oil,14.19
2003-09,Bio-Blended Marine Diesel Oil,0
2003-09,Marine Gas Oil,107.04
2003-09,Bio-Blended Marine Gas Oil,0
2003-09,Low Sulphur Marine Gas Oil,0
2003-09,Bio-Blended Low Sulphur Marine Gas Oil,0
2003-09,Marine Fuel Oil,1608.89
2003-09,Bio-Blended Marine Fuel Oil,0
2003-09,Low Sulphur Fuel Oil,0
2003-09,Bio-Blended Low Sulphur Fuel Oil,0
2003-09,Ultra Low Sulphur Fuel Oil,0
2003-09,Bio-Blended Ultra Low Sulphur Fuel Oil,0
2003-09,B100,0
2003-09,LNG,0
2003-09,Methanol,0
2003-09,Ammonia,0
2003-10,Marine Diesel Oil,14.26
2003-10,Bio-Blended Marine Diesel Oil,0
2003-10,Marine Gas Oil,113.42
2003-10,Bio-Blended Marine Gas Oil,0
2003-10,Low Sulphur Marine Gas Oil,0
2003-10,Bio-Blended Low Sulphur Marine Gas Oil,0
2003-10,Marine Fuel Oil,1608.37
2003-10,Bio-Blended Marine Fuel Oil,0
2003-10,Low Sulphur Fuel Oil,0
2003-10,Bio-Blended Low Sulphur Fuel Oil,0
2003-10,Ultra Low Sulphur Fuel Oil,0
2003-10,Bio-Blended Ultra Low Sulphur Fuel Oil,0
2003-10,B100,0
2003-10,LNG,0
2003-10,Methanol,0
2003-10,Ammonia,0
2003-11,Marine Diesel Oil,11.5
2003-11,Bio-Blended Marine Diesel Oil,0
2003-11,Marine Gas Oil,114.33
2003-11,Bio-Blended Marine Gas Oil,0
2003-11,Low Sulphur Marine Gas Oil,0
2003-11,Bio-Blended Low Sulphur Marine Gas Oil,0
2003-11,Marine Fuel Oil,1727.78
2003-11,Bio-Blended Marine Fuel Oil,0
2003-11,Low Sulphur Fuel Oil,0
2003-11,Bio-Blended Low Sulphur Fuel Oil,0
2003-11,Ultra Low Sulphur Fuel Oil,0
2003-11,Bio-Blended Ultra Low Sulphur Fuel Oil,0
2003-11,B100,0
2003-11,LNG,0
2003-11,Methanol,0
2003-11,Ammonia,0
2003-12,Marine Diesel Oil,13.02
2003-12,Bio-Blended Marine Diesel Oil,0
2003-12,Marine Gas Oil,102.24
2003-12,Bio-Blended Marine Gas Oil,0
2003-12,Low Sulphur Marine Gas Oil,0
2003-12,Bio-Blended Low Sulphur Marine Gas Oil,0
2003-12,Marine Fuel Oil,1802.06
2003-12,Bio-Blended Marine Fuel Oil,0
2003-12,Low Sulphur Fuel Oil,0
2003-12,Bio-Blended Low Sulphur Fuel Oil,0
2003-12,Ultra Low Sulphur Fuel Oil,0
2003-12,Bio-Blended Ultra Low Sulphur Fuel Oil,0
2003-12,B100,0
2003-12,LNG,0
2003-12,Methanol,0
2003-12,Ammonia,0
2004-01,Marine Diesel Oil,12.21
2004-01,Bio-Blended Marine Diesel Oil,0
2004-01,Marine Gas Oil,108.57
2004-01,Bio-Blended Marine Gas Oil,0
2004-01,Low Sulphur Marine Gas Oil,0
2004-01,Bio-Blended Low Sulphur Marine Gas Oil,0
2004-01,Marine Fuel Oil,1737.84
2004-01,Bio-Blended Marine Fuel Oil,0
2004-01,Low Sulphur Fuel Oil,0
2004-01,Bio-Blended Low Sulphur Fuel Oil,0
2004-01,Ultra Low Sulphur Fuel Oil,0
2004-01,Bio-Blended Ultra Low Sulphur Fuel Oil,0
2004-01,B100,0
2004-01,LNG,0
2004-01,Methanol,0
2004-01,Ammonia,0
2004-02,Marine Diesel Oil,10.67
2004-02,Bio-Blended Marine Diesel Oil,0
2004-02,Marine Gas Oil,101.68
2004-02,Bio-Blended Marine Gas Oil,0
2004-02,Low Sulphur Marine Gas Oil,0
2004-02,Bio-Blended Low Sulphur Marine Gas Oil,0
2004-02,Marine Fuel Oil,1654.49
2004-02,Bio-Blended Marine Fuel Oil,0
2004-02,Low Sulphur Fuel Oil,0
2004-02,Bio-Blended Low Sulphur Fuel Oil,0
2004-02,Ultra Low Sulphur Fuel Oil,0
2004-02,Bio-Blended Ultra Low Sulphur Fuel Oil,0
2004-02,B100,0
2004-02,LNG,0
2004-02,Methanol,0
2004-02,Ammonia,0
2004-03,Marine Diesel Oil,9.51
2004-03,Bio-Blended Marine Diesel Oil,0
2004-03,Marine Gas Oil,120.8
2004-03,Bio-Blended Marine Gas Oil,0
2004-03,Low Sulphur Marine Gas Oil,0
2004-03,Bio-Blended Low Sulphur Marine Gas Oil,0
2004-03,Marine Fuel Oil,1738.87
2004-03,Bio-Blended Marine Fuel Oil,0
2004-03,Low Sulphur Fuel Oil,0
2004-03,Bio-Blended Low Sulphur Fuel Oil,0
2004-03,Ultra Low Sulphur Fuel Oil,0
2004-03,Bio-Blended Ultra Low Sulphur Fuel Oil,0
2004-03,B100,0
2004-03,LNG,0
2004-03,Methanol,0
2004-03,Ammonia,0
2004-04,Marine Diesel Oil,13.3
2004-04,Bio-Blended Marine Diesel Oil,0
2004-04,Marine Gas Oil,118.65
2004-04,Bio-Blended Marine Gas Oil,0
2004-04,Low Sulphur Marine Gas Oil,0
2004-04,Bio-Blended Low Sulphur Marine Gas Oil,0
2004-04,Marine Fuel Oil,1853.06
2004-04,Bio-Blended Marine Fuel Oil,0
2004-04,Low Sulphur Fuel Oil,0
2004-04,Bio-Blended Low Sulphur Fuel Oil,0
2004-04,Ultra Low Sulphur Fuel Oil,0
2004-04,Bio-Blended Ultra Low Sulphur Fuel Oil,0
2004-04,B100,0
2004-04,LNG,0
2004-04,Methanol,0
2004-04,Ammonia,0
2004-05,Marine Diesel Oil,10.6
2004-05,Bio-Blended Marine Diesel Oil,0
2004-05,Marine Gas Oil,121.75
2004-05,Bio-Blended Marine Gas Oil,0
2004-05,Low Sulphur Marine Gas Oil,0
2004-05,Bio-Blended Low Sulphur Marine Gas Oil,0
2004-05,Marine Fuel Oil,1845.22
2004-05,Bio-Blended Marine Fuel Oil,0
2004-05,Low Sulphur Fuel Oil,0
2004-05,Bio-Blended Low Sulphur Fuel Oil,0
2004-05,Ultra Low Sulphur Fuel Oil,0
2004-05,Bio-Blended Ultra Low Sulphur Fuel Oil,0
2004-05,B100,0
2004-05,LNG,0
2004-05,Methanol,0
2004-05,Ammonia,0
2004-06,Marine Diesel Oil,9.04
2004-06,Bio-Blended Marine Diesel Oil,0
2004-06,Marine Gas Oil,126.02
2004-06,Bio-Blended Marine Gas Oil,0
2004-06,Low Sulphur Marine Gas Oil,0
2004-06,Bio-Blended Low Sulphur Marine Gas Oil,0
2004-06,Marine Fuel Oil,1827.97
2004-06,Bio-Blended Marine Fuel Oil,0
2004-06,Low Sulphur Fuel Oil,0
2004-06,Bio-Blended Low Sulphur Fuel Oil,0
2004-06,Ultra Low Sulphur Fuel Oil,0
2004-06,Bio-Blended Ultra Low Sulphur Fuel Oil,0
2004-06,B100,0
2004-06,LNG,0
2004-06,Methanol,0
2004-06,Ammonia,0
2004-07,Marine Diesel Oil,12.96
2004-07,Bio-Blended Marine Diesel Oil,0
2004-07,Marine Gas Oil,113.67
2004-07,Bio-Blended Marine Gas Oil,0
2004-07,Low Sulphur Marine Gas Oil,0
2004-07,Bio-Blended Low Sulphur Marine Gas Oil,0
2004-07,Marine Fuel Oil,1850.91
2004-07,Bio-Blended Marine Fuel Oil,0
2004-07,Low Sulphur Fuel Oil,0
2004-07,Bio-Blended Low Sulphur Fuel Oil,0
2004-07,Ultra Low Sulphur Fuel Oil,0
2004-07,Bio-Blended Ultra Low Sulphur Fuel Oil,0
2004-07,B100,0
2004-07,LNG,0
2004-07,Methanol,0
2004-07,Ammonia,0
2004-08,Marine Diesel Oil,10.65
2004-08,Bio-Blended Marine Diesel Oil,0
2004-08,Marine Gas Oil,109.84
2004-08,Bio-Blended Marine Gas Oil,0
2004-08,Low Sulphur Marine Gas Oil,0
2004-08,Bio-Blended Low Sulphur Marine Gas Oil,0
2004-08,Marine Fuel Oil,1858.61
2004-08,Bio-Blended Marine Fuel Oil,0
2004-08,Low Sulphur Fuel Oil,0
2004-08,Bio-Blended Low Sulphur Fuel Oil,0
2004-08,Ultra Low Sulphur Fuel Oil,0
2004-08,Bio-Blended Ultra Low Sulphur Fuel Oil,0
2004-08,B100,0
2004-08,LNG,0
2004-08,Methanol,0
2004-08,Ammonia,0
2004-09,Marine Diesel Oil,8.86
2004-09,Bio-Blended Marine Diesel Oil,0
2004-09,Marine Gas Oil,117.57
2004-09,Bio-Blended Marine Gas Oil,0
2004-09,Low Sulphur Marine Gas Oil,0
2004-09,Bio-Blended Low Sulphur Marine Gas Oil,0
2004-09,Marine Fuel Oil,1893.08
2004-09,Bio-Blended Marine Fuel Oil,0
2004-09,Low Sulphur Fuel Oil,0
2004-09,Bio-Blended Low Sulphur Fuel Oil,0
2004-09,Ultra Low Sulphur Fuel Oil,0
2004-09,Bio-Blended Ultra Low Sulphur Fuel Oil,0
2004-09,B100,0
2004-09,LNG,0
2004-09,Methanol,0
2004-09,Ammonia,0
2004-10,Marine Diesel Oil,11.36
2004-10,Bio-Blended Marine Diesel Oil,0
2004-10,Marine Gas Oil,102.74
2004-10,Bio-Blended Marine Gas Oil,0
2004-10,Low Sulphur Marine Gas Oil,0
2004-10,Bio-Blended Low Sulphur Marine Gas Oil,0
2004-10,Marine Fuel Oil,1890.82
2004-10,Bio-Blended Marine Fuel Oil,0
2004-10,Low Sulphur Fuel Oil,0
2004-10,Bio-Blended Low Sulphur Fuel Oil,0
2004-10,Ultra Low Sulphur Fuel Oil,0
2004-10,Bio-Blended Ultra Low Sulphur Fuel Oil,0
2004-10,B100,0
2004-10,LNG,0
2004-10,Methanol,0
2004-10,Ammonia,0
2004-11,Marine Diesel Oil,9.18
2004-11,Bio-Blended Marine Diesel Oil,0
2004-11,Marine Gas Oil,108.27
2004-11,Bio-Blended Marine Gas Oil,0
2004-11,Low Sulphur Marine Gas Oil,0
2004-11,Bio-Blended Low Sulphur Marine Gas Oil,0
2004-11,Marine Fuel Oil,1891.3
2004-11,Bio-Blended Marine Fuel Oil,0
2004-11,Low Sulphur Fuel Oil,0
2004-11,Bio-Blended Low Sulphur Fuel Oil,0
2004-11,Ultra Low Sulphur Fuel Oil,0
2004-11,Bio-Blended Ultra Low Sulphur Fuel Oil,0
2004-11,B100,0
2004-11,LNG,0
2004-11,Methanol,0
2004-11,Ammonia,0
2004-12,Marine Diesel Oil,10.01
2004-12,Bio-Blended Marine Diesel Oil,0
2004-12,Marine Gas Oil,128.93
2004-12,Bio-Blended Marine Gas Oil,0
2004-12,Low Sulphur Marine Gas Oil,0
2004-12,Bio-Blended Low Sulphur Marine Gas Oil,0
2004-12,Marine Fuel Oil,2017.87
2004-12,Bio-Blended Marine Fuel Oil,0
2004-12,Low Sulphur Fuel Oil,0
2004-12,Bio-Blended Low Sulphur Fuel Oil,0
2004-12,Ultra Low Sulphur Fuel Oil,0
2004-12,Bio-Blended Ultra Low Sulphur Fuel Oil,0
2004-12,B100,0
2004-12,LNG,0
2004-12,Methanol,0
2004-12,Ammonia,0
2005-01,Marine Diesel Oil,9.51
2005-01,Bio-Blended Marine Diesel Oil,0
2005-01,Marine Gas Oil,116.12
2005-01,Bio-Blended Marine Gas Oil,0
2005-01,Low Sulphur Marine Gas Oil,0
2005-01,Bio-Blended Low Sulphur Marine Gas Oil,0
2005-01,Marine Fuel Oil,1976.62
2005-01,Bio-Blended Marine Fuel Oil,0
2005-01,Low Sulphur Fuel Oil,0
2005-01,Bio-Blended Low Sulphur Fuel Oil,0
2005-01,Ultra Low Sulphur Fuel Oil,0
2005-01,Bio-Blended Ultra Low Sulphur Fuel Oil,0
2005-01,B100,0
2005-01,LNG,0
2005-01,Methanol,0
2005-01,Ammonia,0
2005-02,Marine Diesel Oil,7.13
2005-02,Bio-Blended Marine Diesel Oil,0
2005-02,Marine Gas Oil,114.03
2005-02,Bio-Blended Marine Gas Oil,0
2005-02,Low Sulphur Marine Gas Oil,0
2005-02,Bio-Blended Low Sulphur Marine Gas Oil,0
2005-02,Marine Fuel Oil,1686.09
2005-02,Bio-Blended Marine Fuel Oil,0
2005-02,Low Sulphur Fuel Oil,0
2005-02,Bio-Blended Low Sulphur Fuel Oil,0
2005-02,Ultra Low Sulphur Fuel Oil,0
2005-02,Bio-Blended Ultra Low Sulphur Fuel Oil,0
2005-02,B100,0
2005-02,LNG,0
2005-02,Methanol,0
2005-02,Ammonia,0
2005-03,Marine Diesel Oil,9.35
2005-03,Bio-Blended Marine Diesel Oil,0
2005-03,Marine Gas Oil,113.58
2005-03,Bio-Blended Marine Gas Oil,0
2005-03,Low Sulphur Marine Gas Oil,0
2005-03,Bio-Blended Low Sulphur Marine Gas Oil,0
2005-03,Marine Fuel Oil,1946.88
2005-03,Bio-Blended Marine Fuel Oil,0
2005-03,Low Sulphur Fuel Oil,0
2005-03,Bio-Blended Low Sulphur Fuel Oil,0
2005-03,Ultra Low Sulphur Fuel Oil,0
2005-03,Bio-Blended Ultra Low Sulphur Fuel Oil,0
2005-03,B100,0
2005-03,LNG,0
2005-03,Methanol,0
2005-03,Ammonia,0
2005-04,Marine Diesel Oil,8.8
2005-04,Bio-Blended Marine Diesel Oil,0
2005-04,Marine Gas Oil,119.16
2005-04,Bio-Blended Marine Gas Oil,0
2005-04,Low Sulphur Marine Gas Oil,0
2005-04,Bio-Blended Low Sulphur Marine Gas Oil,0
2005-04,Marine Fuel Oil,2025.42
2005-04,Bio-Blended Marine Fuel Oil,0
2005-04,Low Sulphur Fuel Oil,0
2005-04,Bio-Blended Low Sulphur Fuel Oil,0
2005-04,Ultra Low Sulphur Fuel Oil,0
2005-04,Bio-Blended Ultra Low Sulphur Fuel Oil,0
2005-04,B100,0
2005-04,LNG,0
2005-04,Methanol,0
2005-04,Ammonia,0
2005-05,Marine Diesel Oil,8.98
2005-05,Bio-Blended Marine Diesel Oil,0
2005-05,Marine Gas Oil,121.34
2005-05,Bio-Blended Marine Gas Oil,0
2005-05,Low Sulphur Marine Gas Oil,0
2005-05,Bio-Blended Low Sulphur Marine Gas Oil,0
2005-05,Marine Fuel Oil,1951.02
2005-05,Bio-Blended Marine Fuel Oil,0
2005-05,Low Sulphur Fuel Oil,0
2005-05,Bio-Blended Low Sulphur Fuel Oil,0
2005-05,Ultra Low Sulphur Fuel Oil,0
2005-05,Bio-Blended Ultra Low Sulphur Fuel Oil,0
2005-05,B100,0
2005-05,LNG,0
2005-05,Methanol,0
2005-05,Ammonia,0
2005-06,Marine Diesel Oil,8.73
2005-06,Bio-Blended Marine Diesel Oil,0
2005-06,Marine Gas Oil,115.02
2005-06,Bio-Blended Marine Gas Oil,0
2005-06,Low Sulphur Marine Gas Oil,0
2005-06,Bio-Blended Low Sulphur Marine Gas Oil,0
2005-06,Marine Fuel Oil,2014.22
2005-06,Bio-Blended Marine Fuel Oil,0
2005-06,Low Sulphur Fuel Oil,0
2005-06,Bio-Blended Low Sulphur Fuel Oil,0
2005-06,Ultra Low Sulphur Fuel Oil,0
2005-06,Bio-Blended Ultra Low Sulphur Fuel Oil,0
2005-06,B100,0
2005-06,LNG,0
2005-06,Methanol,0
2005-06,Ammonia,0
2005-07,Marine Diesel Oil,8.87
2005-07,Bio-Blended Marine Diesel Oil,0
2005-07,Marine Gas Oil,131.88
2005-07,Bio-Blended Marine Gas Oil,0
2005-07,Low Sulphur Marine Gas Oil,0
2005-07,Bio-Blended Low Sulphur Marine Gas Oil,0
2005-07,Marine Fuel Oil,2099.7
2005-07,Bio-Blended Marine Fuel Oil,0
2005-07,Low Sulphur Fuel Oil,0
2005-07,Bio-Blended Low Sulphur Fuel Oil,0
2005-07,Ultra Low Sulphur Fuel Oil,0
2005-07,Bio-Blended Ultra Low Sulphur Fuel Oil,0
2005-07,B100,0
2005-07,LNG,0
2005-07,Methanol,0
2005-07,Ammonia,0
2005-08,Marine Diesel Oil,7.53
2005-08,Bio-Blended Marine Diesel Oil,0
2005-08,Marine Gas Oil,125.4
2005-08,Bio-Blended Marine Gas Oil,0
2005-08,Low Sulphur Marine Gas Oil,0
2005-08,Bio-Blended Low Sulphur Marine Gas Oil,0
2005-08,Marine Fuel Oil,2135.47
2005-08,Bio-Blended Marine Fuel Oil,0
2005-08,Low Sulphur Fuel Oil,0
2005-08,Bio-Blended Low Sulphur Fuel Oil,0
2005-08,Ultra Low Sulphur Fuel Oil,0
2005-08,Bio-Blended Ultra Low Sulphur Fuel Oil,0
2005-08,B100,0
2005-08,LNG,0
2005-08,Methanol,0
2005-08,Ammonia,0
2005-09,Marine Diesel Oil,9.58
2005-09,Bio-Blended Marine Diesel Oil,0
2005-09,Marine Gas Oil,110.54
2005-09,Bio-Blended Marine Gas Oil,0
2005-09,Low Sulphur Marine Gas Oil,0
2005-09,Bio-Blended Low Sulphur Marine Gas Oil,0
2005-09,Marine Fuel Oil,2016.88
2005-09,Bio-Blended Marine Fuel Oil,0
2005-09,Low Sulphur Fuel Oil,0
2005-09,Bio-Blended Low Sulphur Fuel Oil,0
2005-09,Ultra Low Sulphur Fuel Oil,0
2005-09,Bio-Blended Ultra Low Sulphur Fuel Oil,0
2005-09,B100,0
2005-09,LNG,0
2005-09,Methanol,0
2005-09,Ammonia,0
2005-10,Marine Diesel Oil,7.97
2005-10,Bio-Blended Marine Diesel Oil,0
2005-10,Marine Gas Oil,133.27
2005-10,Bio-Blended Marine Gas Oil,0
2005-10,Low Sulphur Marine Gas Oil,0
2005-10,Bio-Blended Low Sulphur Marine Gas Oil,0
2005-10,Marine Fuel Oil,2110.84
2005-10,Bio-Blended Marine Fuel Oil,0
2005-10,Low Sulphur Fuel Oil,0
2005-10,Bio-Blended Low Sulphur Fuel Oil,0
2005-10,Ultra Low Sulphur Fuel Oil,0
2005-10,Bio-Blended Ultra Low Sulphur Fuel Oil,0
2005-10,B100,0
2005-10,LNG,0
2005-10,Methanol,0
2005-10,Ammonia,0
2005-11,Marine Diesel Oil,8.42
2005-11,Bio-Blended Marine Diesel Oil,0
2005-11,Marine Gas Oil,117.97
2005-11,Bio-Blended Marine Gas Oil,0
2005-11,Low Sulphur Marine Gas Oil,0
2005-11,Bio-Blended Low Sulphur Marine Gas Oil,0
2005-11,Marine Fuel Oil,1958.3
2005-11,Bio-Blended Marine Fuel Oil,0
2005-11,Low Sulphur Fuel Oil,0
2005-11,Bio-Blended Low Sulphur Fuel Oil,0
2005-11,Ultra Low Sulphur Fuel Oil,0
2005-11,Bio-Blended Ultra Low Sulphur Fuel Oil,0
2005-11,B100,0
2005-11,LNG,0
2005-11,Methanol,0
2005-11,Ammonia,0
2005-12,Marine Diesel Oil,8.9
2005-12,Bio-Blended Marine Diesel Oil,0
2005-12,Marine Gas Oil,123.63
2005-12,Bio-Blended Marine Gas Oil,0
2005-12,Low Sulphur Marine Gas Oil,0
2005-12,Bio-Blended Low Sulphur Marine Gas Oil,0
2005-12,Marine Fuel Oil,2011.95
2005-12,Bio-Blended Marine Fuel Oil,0
2005-12,Low Sulphur Fuel Oil,0
2005-12,Bio-Blended Low Sulphur Fuel Oil,0
2005-12,Ultra Low Sulphur Fuel Oil,0
2005-12,Bio-Blended Ultra Low Sulphur Fuel Oil,0
2005-12,B100,0
2005-12,LNG,0
2005-12,Methanol,0
2005-12,Ammonia,0
2006-01,Marine Diesel Oil,8.4
2006-01,Bio-Blended Marine Diesel Oil,0
2006-01,Marine Gas Oil,124.25
2006-01,Bio-Blended Marine Gas Oil,0
2006-01,Low Sulphur Marine Gas Oil,0
2006-01,Bio-Blended Low Sulphur Marine Gas Oil,0
2006-01,Marine Fuel Oil,2097.33
2006-01,Bio-Blended Marine Fuel Oil,0
2006-01,Low Sulphur Fuel Oil,0
2006-01,Bio-Blended Low Sulphur Fuel Oil,0
2006-01,Ultra Low Sulphur Fuel Oil,0
2006-01,Bio-Blended Ultra Low Sulphur Fuel Oil,0
2006-01,B100,0
2006-01,LNG,0
2006-01,Methanol,0
2006-01,Ammonia,0
2006-02,Marine Diesel Oil,5.74
2006-02,Bio-Blended Marine Diesel Oil,0
2006-02,Marine Gas Oil,116.8
2006-02,Bio-Blended Marine Gas Oil,0
2006-02,Low Sulphur Marine Gas Oil,0
2006-02,Bio-Blended Low Sulphur Marine Gas Oil,0
2006-02,Marine Fuel Oil,1935.4
2006-02,Bio-Blended Marine Fuel Oil,0
2006-02,Low Sulphur Fuel Oil,0
2006-02,Bio-Blended Low Sulphur Fuel Oil,0
2006-02,Ultra Low Sulphur Fuel Oil,0
2006-02,Bio-Blended Ultra Low Sulphur Fuel Oil,0
2006-02,B100,0
2006-02,LNG,0
2006-02,Methanol,0
2006-02,Ammonia,0
2006-03,Marine Diesel Oil,5.74
2006-03,Bio-Blended Marine Diesel Oil,0
2006-03,Marine Gas Oil,126.16
2006-03,Bio-Blended Marine Gas Oil,0
2006-03,Low Sulphur Marine Gas Oil,0
2006-03,Bio-Blended Low Sulphur Marine Gas Oil,0
2006-03,Marine Fuel Oil,2170.7
2006-03,Bio-Blended Marine Fuel Oil,0
2006-03,Low Sulphur Fuel Oil,0
2006-03,Bio-Blended Low Sulphur Fuel Oil,0
2006-03,Ultra Low Sulphur Fuel Oil,0
2006-03,Bio-Blended Ultra Low Sulphur Fuel Oil,0
2006-03,B100,0
2006-03,LNG,0
2006-03,Methanol,0
2006-03,Ammonia,0
2006-04,Marine Diesel Oil,4.35
2006-04,Bio-Blended Marine Diesel Oil,0
2006-04,Marine Gas Oil,104.05
2006-04,Bio-Blended Marine Gas Oil,0
2006-04,Low Sulphur Marine Gas Oil,0
2006-04,Bio-Blended Low Sulphur Marine Gas Oil,0
2006-04,Marine Fuel Oil,2109.33
2006-04,Bio-Blended Marine Fuel Oil,0
2006-04,Low Sulphur Fuel Oil,0
2006-04,Bio-Blended Low Sulphur Fuel Oil,0
2006-04,Ultra Low Sulphur Fuel Oil,0
2006-04,Bio-Blended Ultra Low Sulphur Fuel Oil,0
2006-04,B100,0
2006-04,LNG,0
2006-04,Methanol,0
2006-04,Ammonia,0
2006-05,Marine Diesel Oil,4.79
2006-05,Bio-Blended Marine Diesel Oil,0
2006-05,Marine Gas Oil,132.84
2006-05,Bio-Blended Marine Gas Oil,0
2006-05,Low Sulphur Marine Gas Oil,0
2006-05,Bio-Blended Low Sulphur Marine Gas Oil,0
2006-05,Marine Fuel Oil,2354.01
2006-05,Bio-Blended Marine Fuel Oil,0
2006-05,Low Sulphur Fuel Oil,0
2006-05,Bio-Blended Low Sulphur Fuel Oil,0
2006-05,Ultra Low Sulphur Fuel Oil,0
2006-05,Bio-Blended Ultra Low Sulphur Fuel Oil,0
2006-05,B100,0
2006-05,LNG,0
2006-05,Methanol,0
2006-05,Ammonia,0
2006-06,Marine Diesel Oil,3.96
2006-06,Bio-Blended Marine Diesel Oil,0
2006-06,Marine Gas Oil,122.74
2006-06,Bio-Blended Marine Gas Oil,0
2006-06,Low Sulphur Marine Gas Oil,0
2006-06,Bio-Blended Low Sulphur Marine Gas Oil,0
2006-06,Marine Fuel Oil,2066.22
2006-06,Bio-Blended Marine Fuel Oil,0
2006-06,Low Sulphur Fuel Oil,0
2006-06,Bio-Blended Low Sulphur Fuel Oil,0
2006-06,Ultra Low Sulphur Fuel Oil,0
2006-06,Bio-Blended Ultra Low Sulphur Fuel Oil,0
2006-06,B100,0
2006-06,LNG,0
2006-06,Methanol,0
2006-06,Ammonia,0
2006-07,Marine Diesel Oil,3.31
2006-07,Bio-Blended Marine Diesel Oil,0
2006-07,Marine Gas Oil,117.77
2006-07,Bio-Blended Marine Gas Oil,0
2006-07,Low Sulphur Marine Gas Oil,0
2006-07,Bio-Blended Low Sulphur Marine Gas Oil,0
2006-07,Marine Fuel Oil,2226.61
2006-07,Bio-Blended Marine Fuel Oil,0
2006-07,Low Sulphur Fuel Oil,0
2006-07,Bio-Blended Low Sulphur Fuel Oil,0
2006-07,Ultra Low Sulphur Fuel Oil,0
2006-07,Bio-Blended Ultra Low Sulphur Fuel Oil,0
2006-07,B100,0
2006-07,LNG,0
2006-07,Methanol,0
2006-07,Ammonia,0
2006-08,Marine Diesel Oil,2.41
2006-08,Bio-Blended Marine Diesel Oil,0
2006-08,Marine Gas Oil,136.26
2006-08,Bio-Blended Marine Gas Oil,0
2006-08,Low Sulphur Marine Gas Oil,0
2006-08,Bio-Blended Low Sulphur Marine Gas Oil,0
2006-08,Marine Fuel Oil,2380.05
2006-08,Bio-Blended Marine Fuel Oil,0
2006-08,Low Sulphur Fuel Oil,0
2006-08,Bio-Blended Low Sulphur Fuel Oil,0
2006-08,Ultra Low Sulphur Fuel Oil,0
2006-08,Bio-Blended Ultra Low Sulphur Fuel Oil,0
2006-08,B100,0
2006-08,LNG,0
2006-08,Methanol,0
2006-08,Ammonia,0
2006-09,Marine Diesel Oil,2.15
2006-09,Bio-Blended Marine Diesel Oil,0
2006-09,Marine Gas Oil,134.28
2006-09,Bio-Blended Marine Gas Oil,0
2006-09,Low Sulphur Marine Gas Oil,0
2006-09,Bio-Blended Low Sulphur Marine Gas Oil,0
2006-09,Marine Fuel Oil,2274.27
2006-09,Bio-Blended Marine Fuel Oil,0
2006-09,Low Sulphur Fuel Oil,0
2006-09,Bio-Blended Low Sulphur Fuel Oil,0
2006-09,Ultra Low Sulphur Fuel Oil,0
2006-09,Bio-Blended Ultra Low Sulphur Fuel Oil,0
2006-09,B100,0
2006-09,LNG,0
2006-09,Methanol,0
2006-09,Ammonia,0
2006-10,Marine Diesel Oil,3.77
2006-10,Bio-Blended Marine Diesel Oil,0
2006-10,Marine Gas Oil,138.93
2006-10,Bio-Blended Marine Gas Oil,0
2006-10,Low Sulphur Marine Gas Oil,0
2006-10,Bio-Blended Low Sulphur Marine Gas Oil,0
2006-10,Marine Fuel Oil,2413.33
2006-10,Bio-Blended Marine Fuel Oil,0
2006-10,Low Sulphur Fuel Oil,0
2006-10,Bio-Blended Low Sulphur Fuel Oil,0
2006-10,Ultra Low Sulphur Fuel Oil,0
2006-10,Bio-Blended Ultra Low Sulphur Fuel Oil,0
2006-10,B100,0
2006-10,LNG,0
2006-10,Methanol,0
2006-10,Ammonia,0
2006-11,Marine Diesel Oil,2.05
2006-11,Bio-Blended Marine Diesel Oil,0
2006-11,Marine Gas Oil,126.53
2006-11,Bio-Blended Marine Gas Oil,0
2006-11,Low Sulphur Marine Gas Oil,0
2006-11,Bio-Blended Low Sulphur Marine Gas Oil,0
2006-11,Marine Fuel Oil,2262.32
2006-11,Bio-Blended Marine Fuel Oil,0
2006-11,Low Sulphur Fuel Oil,0
2006-11,Bio-Blended Low Sulphur Fuel Oil,0
2006-11,Ultra Low Sulphur Fuel Oil,0
2006-11,Bio-Blended Ultra Low Sulphur Fuel Oil,0
2006-11,B100,0
2006-11,LNG,0
2006-11,Methanol,0
2006-11,Ammonia,0
2006-12,Marine Diesel Oil,3.44
2006-12,Bio-Blended Marine Diesel Oil,0
2006-12,Marine Gas Oil,134.32
2006-12,Bio-Blended Marine Gas Oil,0
2006-12,Low Sulphur Marine Gas Oil,0
2006-12,Bio-Blended Low Sulphur Marine Gas Oil,0
2006-12,Marine Fuel Oil,2524.5
2006-12,Bio-Blended Marine Fuel Oil,0
2006-12,Low Sulphur Fuel Oil,0
2006-12,Bio-Blended Low Sulphur Fuel Oil,0
2006-12,Ultra Low Sulphur Fuel Oil,0
2006-12,Bio-Blended Ultra Low Sulphur Fuel Oil,0
2006-12,B100,0
2006-12,LNG,0
2006-12,Methanol,0
2006-12,Ammonia,0
2007-01,Marine Diesel Oil,2.08
2007-01,Bio-Blended Marine Diesel Oil,0
2007-01,Marine Gas Oil,127.96
2007-01,Bio-Blended Marine Gas Oil,0
2007-01,Low Sulphur Marine Gas Oil,0
2007-01,Bio-Blended Low Sulphur Marine Gas Oil,0
2007-01,Marine Fuel Oil,2125.79
2007-01,Bio-Blended Marine Fuel Oil,0
2007-01,Low Sulphur Fuel Oil,0
2007-01,Bio-Blended Low Sulphur Fuel Oil,0
2007-01,Ultra Low Sulphur Fuel Oil,0
2007-01,Bio-Blended Ultra Low Sulphur Fuel Oil,0
2007-01,B100,0
2007-01,LNG,0
2007-01,Methanol,0
2007-01,Ammonia,0
2007-02,Marine Diesel Oil,1.8
2007-02,Bio-Blended Marine Diesel Oil,0
2007-02,Marine Gas Oil,134.89
2007-02,Bio-Blended Marine Gas Oil,0
2007-02,Low Sulphur Marine Gas Oil,0
2007-02,Bio-Blended Low Sulphur Marine Gas Oil,0
2007-02,Marine Fuel Oil,2532.2
2007-02,Bio-Blended Marine Fuel Oil,0
2007-02,Low Sulphur Fuel Oil,0
2007-02,Bio-Blended Low Sulphur Fuel Oil,0
2007-02,Ultra Low Sulphur Fuel Oil,0
2007-02,Bio-Blended Ultra Low Sulphur Fuel Oil,0
2007-02,B100,0
2007-02,LNG,0
2007-02,Methanol,0
2007-02,Ammonia,0
2007-03,Marine Diesel Oil,2.41
2007-03,Bio-Blended Marine Diesel Oil,0
2007-03,Marine Gas Oil,131.39
2007-03,Bio-Blended Marine Gas Oil,0
2007-03,Low Sulphur Marine Gas Oil,0
2007-03,Bio-Blended Low Sulphur Marine Gas Oil,0
2007-03,Marine Fuel Oil,2433.21
2007-03,Bio-Blended Marine Fuel Oil,0
2007-03,Low Sulphur Fuel Oil,0
2007-03,Bio-Blended Low Sulphur Fuel Oil,0
2007-03,Ultra Low Sulphur Fuel Oil,0
2007-03,Bio-Blended Ultra Low Sulphur Fuel Oil,0
2007-03,B100,0
2007-03,LNG,0
2007-03,Methanol,0
2007-03,Ammonia,0
2007-04,Marine Diesel Oil,3
2007-04,Bio-Blended Marine Diesel Oil,0
2007-04,Marine Gas Oil,125.79
2007-04,Bio-Blended Marine Gas Oil,0
2007-04,Low Sulphur Marine Gas Oil,0
2007-04,Bio-Blended Low Sulphur Marine Gas Oil,0
2007-04,Marine Fuel Oil,2496.13
2007-04,Bio-Blended Marine Fuel Oil,0
2007-04,Low Sulphur Fuel Oil,0
2007-04,Bio-Blended Low Sulphur Fuel Oil,0
2007-04,Ultra Low Sulphur Fuel Oil,0
2007-04,Bio-Blended Ultra Low Sulphur Fuel Oil,0
2007-04,B100,0
2007-04,LNG,0
2007-04,Methanol,0
2007-04,Ammonia,0
2007-05,Marine Diesel Oil,2.05
2007-05,Bio-Blended Marine Diesel Oil,0
2007-05,Marine Gas Oil,123.78
2007-05,Bio-Blended Marine Gas Oil,0
2007-05,Low Sulphur Marine Gas Oil,0
2007-05,Bio-Blended Low Sulphur Marine Gas Oil,0
2007-05,Marine Fuel Oil,2378.88
2007-05,Bio-Blended Marine Fuel Oil,0
2007-05,Low Sulphur Fuel Oil,0
2007-05,Bio-Blended Low Sulphur Fuel Oil,0
2007-05,Ultra Low Sulphur Fuel Oil,0
2007-05,Bio-Blended Ultra Low Sulphur Fuel Oil,0
2007-05,B100,0
2007-05,LNG,0
2007-05,Methanol,0
2007-05,Ammonia,0
2007-06,Marine Diesel Oil,1.45
2007-06,Bio-Blended Marine Diesel Oil,0
2007-06,Marine Gas Oil,132.77
2007-06,Bio-Blended Marine Gas Oil,0
2007-06,Low Sulphur Marine Gas Oil,0
2007-06,Bio-Blended Low Sulphur Marine Gas Oil,0
2007-06,Marine Fuel Oil,2581.77
2007-06,Bio-Blended Marine Fuel Oil,0
2007-06,Low Sulphur Fuel Oil,0
2007-06,Bio-Blended Low Sulphur Fuel Oil,0
2007-06,Ultra Low Sulphur Fuel Oil,0
2007-06,Bio-Blended Ultra Low Sulphur Fuel Oil,0
2007-06,B100,0
2007-06,LNG,0
2007-06,Methanol,0
2007-06,Ammonia,0
2007-07,Marine Diesel Oil,2.51
2007-07,Bio-Blended Marine Diesel Oil,0
2007-07,Marine Gas Oil,109.96
2007-07,Bio-Blended Marine Gas Oil,0
2007-07,Low Sulphur Marine Gas Oil,0
2007-07,Bio-Blended Low Sulphur Marine Gas Oil,0
2007-07,Marine Fuel Oil,2380.99
2007-07,Bio-Blended Marine Fuel Oil,0
2007-07,Low Sulphur Fuel Oil,0
2007-07,Bio-Blended Low Sulphur Fuel Oil,0
2007-07,Ultra Low Sulphur Fuel Oil,0
2007-07,Bio-Blended Ultra Low Sulphur Fuel Oil,0
2007-07,B100,0
2007-07,LNG,0
2007-07,Methanol,0
2007-07,Ammonia,0
2007-08,Marine Diesel Oil,1.26
2007-08,Bio-Blended Marine Diesel Oil,0
2007-08,Marine Gas Oil,136.24
2007-08,Bio-Blended Marine Gas Oil,0
2007-08,Low Sulphur Marine Gas Oil,0
2007-08,Bio-Blended Low Sulphur Marine Gas Oil,0
2007-08,Marine Fuel Oil,2788.29
2007-08,Bio-Blended Marine Fuel Oil,0
2007-08,Low Sulphur Fuel Oil,0
2007-08,Bio-Blended Low Sulphur Fuel Oil,0
2007-08,Ultra Low Sulphur Fuel Oil,0
2007-08,Bio-Blended Ultra Low Sulphur Fuel Oil,0
2007-08,B100,0
2007-08,LNG,0
2007-08,Methanol,0
2007-08,Ammonia,0
2007-09,Marine Diesel Oil,1.68
2007-09,Bio-Blended Marine Diesel Oil,0
2007-09,Marine Gas Oil,126.15
2007-09,Bio-Blended Marine Gas Oil,0
2007-09,Low Sulphur Marine Gas Oil,0
2007-09,Bio-Blended Low Sulphur Marine Gas Oil,0
2007-09,Marine Fuel Oil,2683.65
2007-09,Bio-Blended Marine Fuel Oil,0
2007-09,Low Sulphur Fuel Oil,0
2007-09,Bio-Blended Low Sulphur Fuel Oil,0
2007-09,Ultra Low Sulphur Fuel Oil,0
2007-09,Bio-Blended Ultra Low Sulphur Fuel Oil,0
2007-09,B100,0
2007-09,LNG,0
2007-09,Methanol,0
2007-09,Ammonia,0
2007-10,Marine Diesel Oil,0.8
2007-10,Bio-Blended Marine Diesel Oil,0
2007-10,Marine Gas Oil,123.06
2007-10,Bio-Blended Marine Gas Oil,0
2007-10,Low Sulphur Marine Gas Oil,0
2007-10,Bio-Blended Low Sulphur Marine Gas Oil,0
2007-10,Marine Fuel Oil,2597.96
2007-10,Bio-Blended Marine Fuel Oil,0
2007-10,Low Sulphur Fuel Oil,0
2007-10,Bio-Blended Low Sulphur Fuel Oil,0
2007-10,Ultra Low Sulphur Fuel Oil,0
2007-10,Bio-Blended Ultra Low Sulphur Fuel Oil,0
2007-10,B100,0
2007-10,LNG,0
2007-10,Methanol,0
2007-10,Ammonia,0
2007-11,Marine Diesel Oil,1.34
2007-11,Bio-Blended Marine Diesel Oil,0
2007-11,Marine Gas Oil,113.49
2007-11,Bio-Blended Marine Gas Oil,0
2007-11,Low Sulphur Marine Gas Oil,0
2007-11,Bio-Blended Low Sulphur Marine Gas Oil,0
2007-11,Marine Fuel Oil,2408.61
2007-11,Bio-Blended Marine Fuel Oil,0
2007-11,Low Sulphur Fuel Oil,0
2007-11,Bio-Blended Low Sulphur Fuel Oil,0
2007-11,Ultra Low Sulphur Fuel Oil,0
2007-11,Bio-Blended Ultra Low Sulphur Fuel Oil,0
2007-11,B100,0
2007-11,LNG,0
2007-11,Methanol,0
2007-11,Ammonia,0
2007-12,Marine Diesel Oil,0.67
2007-12,Bio-Blended Marine Diesel Oil,0
2007-12,Marine Gas Oil,116.56
2007-12,Bio-Blended Marine Gas Oil,0
2007-12,Low Sulphur Marine Gas Oil,0
2007-12,Bio-Blended Low Sulphur Marine Gas Oil,0
2007-12,Marine Fuel Oil,2615.45
2007-12,Bio-Blended Marine Fuel Oil,0
2007-12,Low Sulphur Fuel Oil,0
2007-12,Bio-Blended Low Sulphur Fuel Oil,0
2007-12,Ultra Low Sulphur Fuel Oil,0
2007-12,Bio-Blended Ultra Low Sulphur Fuel Oil,0
2007-12,B100,0
2007-12,LNG,0
2007-12,Methanol,0
2007-12,Ammonia,0
2008-01,Marine Diesel Oil,0.7
2008-01,Bio-Blended Marine Diesel Oil,0
2008-01,Marine Gas Oil,127.03
2008-01,Bio-Blended Marine Gas Oil,0
2008-01,Low Sulphur Marine Gas Oil,0
2008-01,Bio-Blended Low Sulphur Marine Gas Oil,0
2008-01,Marine Fuel Oil,2674.48
2008-01,Bio-Blended Marine Fuel Oil,0
2008-01,Low Sulphur Fuel Oil,0
2008-01,Bio-Blended Low Sulphur Fuel Oil,0
2008-01,Ultra Low Sulphur Fuel Oil,0
2008-01,Bio-Blended Ultra Low Sulphur Fuel Oil,0
2008-01,B100,0
2008-01,LNG,0
2008-01,Methanol,0
2008-01,Ammonia,0
2008-02,Marine Diesel Oil,1.05
2008-02,Bio-Blended Marine Diesel Oil,0
2008-02,Marine Gas Oil,127.19
2008-02,Bio-Blended Marine Gas Oil,0
2008-02,Low Sulphur Marine Gas Oil,0
2008-02,Bio-Blended Low Sulphur Marine Gas Oil,0
2008-02,Marine Fuel Oil,2605.72
2008-02,Bio-Blended Marine Fuel Oil,0
2008-02,Low Sulphur Fuel Oil,0
2008-02,Bio-Blended Low Sulphur Fuel Oil,0
2008-02,Ultra Low Sulphur Fuel Oil,0
2008-02,Bio-Blended Ultra Low Sulphur Fuel Oil,0
2008-02,B100,0
2008-02,LNG,0
2008-02,Methanol,0
2008-02,Ammonia,0
2008-03,Marine Diesel Oil,1.32
2008-03,Bio-Blended Marine Diesel Oil,0
2008-03,Marine Gas Oil,136.96
2008-03,Bio-Blended Marine Gas Oil,0
2008-03,Low Sulphur Marine Gas Oil,0
2008-03,Bio-Blended Low Sulphur Marine Gas Oil,0
2008-03,Marine Fuel Oil,2907.01
2008-03,Bio-Blended Marine Fuel Oil,0
2008-03,Low Sulphur Fuel Oil,0
2008-03,Bio-Blended Low Sulphur Fuel Oil,0
2008-03,Ultra Low Sulphur Fuel Oil,0
2008-03,Bio-Blended Ultra Low Sulphur Fuel Oil,0
2008-03,B100,0
2008-03,LNG,0
2008-03,Methanol,0
2008-03,Ammonia,0
2008-04,Marine Diesel Oil,0.65
2008-04,Bio-Blended Marine Diesel Oil,0
2008-04,Marine Gas Oil,125.29
2008-04,Bio-Blended Marine Gas Oil,0
2008-04,Low Sulphur Marine Gas Oil,0
2008-04,Bio-Blended Low Sulphur Marine Gas Oil,0
2008-04,Marine Fuel Oil,2921.11
2008-04,Bio-Blended Marine Fuel Oil,0
2008-04,Low Sulphur Fuel Oil,0
2008-04,Bio-Blended Low Sulphur Fuel Oil,0
2008-04,Ultra Low Sulphur Fuel Oil,0
2008-04,Bio-Blended Ultra Low Sulphur Fuel Oil,0
2008-04,B100,0
2008-04,LNG,0
2008-04,Methanol,0
2008-04,Ammonia,0
2008-05,Marine Diesel Oil,1.39
2008-05,Bio-Blended Marine Diesel Oil,0
2008-05,Marine Gas Oil,116.16
2008-05,Bio-Blended Marine Gas Oil,0
2008-05,Low Sulphur Marine Gas Oil,0
2008-05,Bio-Blended Low Sulphur Marine Gas Oil,0
2008-05,Marine Fuel Oil,2801.5
2008-05,Bio-Blended Marine Fuel Oil,0
2008-05,Low Sulphur Fuel Oil,0
2008-05,Bio-Blended Low Sulphur Fuel Oil,0
2008-05,Ultra Low Sulphur Fuel Oil,0
2008-05,Bio-Blended Ultra Low Sulphur Fuel Oil,0
2008-05,B100,0
2008-05,LNG,0
2008-05,Methanol,0
2008-05,Ammonia,0
2008-06,Marine Diesel Oil,1.09
2008-06,Bio-Blended Marine Diesel Oil,0
2008-06,Marine Gas Oil,108.35
2008-06,Bio-Blended Marine Gas Oil,0
2008-06,Low Sulphur Marine Gas Oil,0
2008-06,Bio-Blended Low Sulphur Marine Gas Oil,0
2008-06,Marine Fuel Oil,2700.92
2008-06,Bio-Blended Marine Fuel Oil,0
2008-06,Low Sulphur Fuel Oil,0
2008-06,Bio-Blended Low Sulphur Fuel Oil,0
2008-06,Ultra Low Sulphur Fuel Oil,0
2008-06,Bio-Blended Ultra Low Sulphur Fuel Oil,0
2008-06,B100,0
2008-06,LNG,0
2008-06,Methanol,0
2008-06,Ammonia,0
2008-07,Marine Diesel Oil,1.33
2008-07,Bio-Blended Marine Diesel Oil,0
2008-07,Marine Gas Oil,129.67
2008-07,Bio-Blended Marine Gas Oil,0
2008-07,Low Sulphur Marine Gas Oil,0
2008-07,Bio-Blended Low Sulphur Marine Gas Oil,0
2008-07,Marine Fuel Oil,2899.91
2008-07,Bio-Blended Marine Fuel Oil,0
2008-07,Low Sulphur Fuel Oil,0
2008-07,Bio-Blended Low Sulphur Fuel Oil,0
2008-07,Ultra Low Sulphur Fuel Oil,0
2008-07,Bio-Blended Ultra Low Sulphur Fuel Oil,0
2008-07,B100,0
2008-07,LNG,0
2008-07,Methanol,0
2008-07,Ammonia,0
2008-08,Marine Diesel Oil,1.07
2008-08,Bio-Blended Marine Diesel Oil,0
2008-08,Marine Gas Oil,134.16
2008-08,Bio-Blended Marine Gas Oil,0
2008-08,Low Sulphur Marine Gas Oil,0
2008-08,Bio-Blended Low Sulphur Marine Gas Oil,0
2008-08,Marine Fuel Oil,3016.44
2008-08,Bio-Blended Marine Fuel Oil,0
2008-08,Low Sulphur Fuel Oil,0
2008-08,Bio-Blended Low Sulphur Fuel Oil,0
2008-08,Ultra Low Sulphur Fuel Oil,0
2008-08,Bio-Blended Ultra Low Sulphur Fuel Oil,0
2008-08,B100,0
2008-08,LNG,0
2008-08,Methanol,0
2008-08,Ammonia,0
2008-09,Marine Diesel Oil,0.76
2008-09,Bio-Blended Marine Diesel Oil,0
2008-09,Marine Gas Oil,134.33
2008-09,Bio-Blended Marine Gas Oil,0
2008-09,Low Sulphur Marine Gas Oil,0
2008-09,Bio-Blended Low Sulphur Marine Gas Oil,0
2008-09,Marine Fuel Oil,2721.14
2008-09,Bio-Blended Marine Fuel Oil,0
2008-09,Low Sulphur Fuel Oil,0
2008-09,Bio-Blended Low Sulphur Fuel Oil,0
2008-09,Ultra Low Sulphur Fuel Oil,0
2008-09,Bio-Blended Ultra Low Sulphur Fuel Oil,0
2008-09,B100,0
2008-09,LNG,0
2008-09,Methanol,0
2008-09,Ammonia,0
2008-10,Marine Diesel Oil,1.28
2008-10,Bio-Blended Marine Diesel Oil,0
2008-10,Marine Gas Oil,135.7
2008-10,Bio-Blended Marine Gas Oil,0
2008-10,Low Sulphur Marine Gas Oil,0
2008-10,Bio-Blended Low Sulphur Marine Gas Oil,0
2008-10,Marine Fuel Oil,2788.52
2008-10,Bio-Blended Marine Fuel Oil,0
2008-10,Low Sulphur Fuel Oil,0
2008-10,Bio-Blended Low Sulphur Fuel Oil,0
2008-10,Ultra Low Sulphur Fuel Oil,0
2008-10,Bio-Blended Ultra Low Sulphur Fuel Oil,0
2008-10,B100,0
2008-10,LNG,0
2008-10,Methanol,0
2008-10,Ammonia,0
2008-11,Marine Diesel Oil,0.82
2008-11,Bio-Blended Marine Diesel Oil,0
2008-11,Marine Gas Oil,122.59
2008-11,Bio-Blended Marine Gas Oil,0
2008-11,Low Sulphur Marine Gas Oil,0
2008-11,Bio-Blended Low Sulphur Marine Gas Oil,0
2008-11,Marine Fuel Oil,2756.5
2008-11,Bio-Blended Marine Fuel Oil,0
2008-11,Low Sulphur Fuel Oil,0
2008-11,Bio-Blended Low Sulphur Fuel Oil,0
2008-11,Ultra Low Sulphur Fuel Oil,0
2008-11,Bio-Blended Ultra Low Sulphur Fuel Oil,0
2008-11,B100,0
2008-11,LNG,0
2008-11,Methanol,0
2008-11,Ammonia,0
2008-12,Marine Diesel Oil,0.27
2008-12,Bio-Blended Marine Diesel Oil,0
2008-12,Marine Gas Oil,140.08
2008-12,Bio-Blended Marine Gas Oil,0
2008-12,Low Sulphur Marine Gas Oil,0
2008-12,Bio-Blended Low Sulphur Marine Gas Oil,0
2008-12,Marine Fuel Oil,2593.95
2008-12,Bio-Blended Marine Fuel Oil,0
2008-12,Low Sulphur Fuel Oil,0
2008-12,Bio-Blended Low Sulphur Fuel Oil,0
2008-12,Ultra Low Sulphur Fuel Oil,0
2008-12,Bio-Blended Ultra Low Sulphur Fuel Oil,0
2008-12,B100,0
2008-12,LNG,0
2008-12,Methanol,0
2008-12,Ammonia,0
2009-01,Marine Diesel Oil,1.6
2009-01,Bio-Blended Marine Diesel Oil,0
2009-01,Marine Gas Oil,132.27
2009-01,Bio-Blended Marine Gas Oil,0
2009-01,Low Sulphur Marine Gas Oil,0
2009-01,Bio-Blended Low Sulphur Marine Gas Oil,0
2009-01,Marine Fuel Oil,2885.88
2009-01,Bio-Blended Marine Fuel Oil,0
2009-01,Low Sulphur Fuel Oil,0
2009-01,Bio-Blended Low Sulphur Fuel Oil,0
2009-01,Ultra Low Sulphur Fuel Oil,0
2009-01,Bio-Blended Ultra Low Sulphur Fuel Oil,0
2009-01,B100,0
2009-01,LNG,0
2009-01,Methanol,0
2009-01,Ammonia,0
2009-02,Marine Diesel Oil,1.1
2009-02,Bio-Blended Marine Diesel Oil,0
2009-02,Marine Gas Oil,126.82
2009-02,Bio-Blended Marine Gas Oil,0
2009-02,Low Sulphur Marine Gas Oil,0
2009-02,Bio-Blended Low Sulphur Marine Gas Oil,0
2009-02,Marine Fuel Oil,2542.11
2009-02,Bio-Blended Marine Fuel Oil,0
2009-02,Low Sulphur Fuel Oil,0
2009-02,Bio-Blended Low Sulphur Fuel Oil,0
2009-02,Ultra Low Sulphur Fuel Oil,0
2009-02,Bio-Blended Ultra Low Sulphur Fuel Oil,0
2009-02,B100,0
2009-02,LNG,0
2009-02,Methanol,0
2009-02,Ammonia,0
2009-03,Marine Diesel Oil,1.68
2009-03,Bio-Blended Marine Diesel Oil,0
2009-03,Marine Gas Oil,147.19
2009-03,Bio-Blended Marine Gas Oil,0
2009-03,Low Sulphur Marine Gas Oil,0
2009-03,Bio-Blended Low Sulphur Marine Gas Oil,0
2009-03,Marine Fuel Oil,2980.85
2009-03,Bio-Blended Marine Fuel Oil,0
2009-03,Low Sulphur Fuel Oil,0
2009-03,Bio-Blended Low Sulphur Fuel Oil,0
2009-03,Ultra Low Sulphur Fuel Oil,0
2009-03,Bio-Blended Ultra Low Sulphur Fuel Oil,0
2009-03,B100,0
2009-03,LNG,0
2009-03,Methanol,0
2009-03,Ammonia,0
2009-04,Marine Diesel Oil,1.05
2009-04,Bio-Blended Marine Diesel Oil,0
2009-04,Marine Gas Oil,126.71
2009-04,Bio-Blended Marine Gas Oil,0
2009-04,Low Sulphur Marine Gas Oil,0
2009-04,Bio-Blended Low Sulphur Marine Gas Oil,0
2009-04,Marine Fuel Oil,2757.05
2009-04,Bio-Blended Marine Fuel Oil,0
2009-04,Low Sulphur Fuel Oil,0
2009-04,Bio-Blended Low Sulphur Fuel Oil,0
2009-04,Ultra Low Sulphur Fuel Oil,0
2009-04,Bio-Blended Ultra Low Sulphur Fuel Oil,0
2009-04,B100,0
2009-04,LNG,0
2009-04,Methanol,0
2009-04,Ammonia,0
2009-05,Marine Diesel Oil,0.94
2009-05,Bio-Blended Marine Diesel Oil,0
2009-05,Marine Gas Oil,143.37
2009-05,Bio-Blended Marine Gas Oil,0
2009-05,Low Sulphur Marine Gas Oil,0
2009-05,Bio-Blended Low Sulphur Marine Gas Oil,0
2009-05,Marine Fuel Oil,3082.91
2009-05,Bio-Blended Marine Fuel Oil,0
2009-05,Low Sulphur Fuel Oil,0
2009-05,Bio-Blended Low Sulphur Fuel Oil,0
2009-05,Ultra Low Sulphur Fuel Oil,0
2009-05,Bio-Blended Ultra Low Sulphur Fuel Oil,0
2009-05,B100,0
2009-05,LNG,0
2009-05,Methanol,0
2009-05,Ammonia,0
2009-06,Marine Diesel Oil,0.64
2009-06,Bio-Blended Marine Diesel Oil,0
2009-06,Marine Gas Oil,132.64
2009-06,Bio-Blended Marine Gas Oil,0
2009-06,Low Sulphur Marine Gas Oil,0
2009-06,Bio-Blended Low Sulphur Marine Gas Oil,0
2009-06,Marine Fuel Oil,2827.42
2009-06,Bio-Blended Marine Fuel Oil,0
2009-06,Low Sulphur Fuel Oil,0
2009-06,Bio-Blended Low Sulphur Fuel Oil,0
2009-06,Ultra Low Sulphur Fuel Oil,0
2009-06,Bio-Blended Ultra Low Sulphur Fuel Oil,0
2009-06,B100,0
2009-06,LNG,0
2009-06,Methanol,0
2009-06,Ammonia,0
2009-07,Marine Diesel Oil,0.9
2009-07,Bio-Blended Marine Diesel Oil,0
2009-07,Marine Gas Oil,132.49
2009-07,Bio-Blended Marine Gas Oil,0
2009-07,Low Sulphur Marine Gas Oil,0
2009-07,Bio-Blended Low Sulphur Marine Gas Oil,0
2009-07,Marine Fuel Oil,2939.22
2009-07,Bio-Blended Marine Fuel Oil,0
2009-07,Low Sulphur Fuel Oil,0
2009-07,Bio-Blended Low Sulphur Fuel Oil,0
2009-07,Ultra Low Sulphur Fuel Oil,0
2009-07,Bio-Blended Ultra Low Sulphur Fuel Oil,0
2009-07,B100,0
2009-07,LNG,0
2009-07,Methanol,0
2009-07,Ammonia,0
2009-08,Marine Diesel Oil,0.8
2009-08,Bio-Blended Marine Diesel Oil,0
2009-08,Marine Gas Oil,134.68
2009-08,Bio-Blended Marine Gas Oil,0
2009-08,Low Sulphur Marine Gas Oil,0
2009-08,Bio-Blended Low Sulphur Marine Gas Oil,0
2009-08,Marine Fuel Oil,2927.64
2009-08,Bio-Blended Marine Fuel Oil,0
2009-08,Low Sulphur Fuel Oil,0
2009-08,Bio-Blended Low Sulphur Fuel Oil,0
2009-08,Ultra Low Sulphur Fuel Oil,0
2009-08,Bio-Blended Ultra Low Sulphur Fuel Oil,0
2009-08,B100,0
2009-08,LNG,0
2009-08,Methanol,0
2009-08,Ammonia,0
2009-09,Marine Diesel Oil,0.45
2009-09,Bio-Blended Marine Diesel Oil,0
2009-09,Marine Gas Oil,126.52
2009-09,Bio-Blended Marine Gas Oil,0
2009-09,Low Sulphur Marine Gas Oil,0
2009-09,Bio-Blended Low Sulphur Marine Gas Oil,0
2009-09,Marine Fuel Oil,3045.41
2009-09,Bio-Blended Marine Fuel Oil,0
2009-09,Low Sulphur Fuel Oil,0
2009-09,Bio-Blended Low Sulphur Fuel Oil,0
2009-09,Ultra Low Sulphur Fuel Oil,0
2009-09,Bio-Blended Ultra Low Sulphur Fuel Oil,0
2009-09,B100,0
2009-09,LNG,0
2009-09,Methanol,0
2009-09,Ammonia,0
2009-10,Marine Diesel Oil,1.1
2009-10,Bio-Blended Marine Diesel Oil,0
2009-10,Marine Gas Oil,136.79
2009-10,Bio-Blended Marine Gas Oil,0
2009-10,Low Sulphur Marine Gas Oil,0
2009-10,Bio-Blended Low Sulphur Marine Gas Oil,0
2009-10,Marine Fuel Oil,2984.45
2009-10,Bio-Blended Marine Fuel Oil,0
2009-10,Low Sulphur Fuel Oil,0
2009-10,Bio-Blended Low Sulphur Fuel Oil,0
2009-10,Ultra Low Sulphur Fuel Oil,0
2009-10,Bio-Blended Ultra Low Sulphur Fuel Oil,0
2009-10,B100,0
2009-10,LNG,0
2009-10,Methanol,0
2009-10,Ammonia,0
2009-11,Marine Diesel Oil,0.82
2009-11,Bio-Blended Marine Diesel Oil,0
2009-11,Marine Gas Oil,114.26
2009-11,Bio-Blended Marine Gas Oil,0
2009-11,Low Sulphur Marine Gas Oil,0
2009-11,Bio-Blended Low Sulphur Marine Gas Oil,0
2009-11,Marine Fuel Oil,2767.75
2009-11,Bio-Blended Marine Fuel Oil,0
2009-11,Low Sulphur Fuel Oil,0
2009-11,Bio-Blended Low Sulphur Fuel Oil,0
2009-11,Ultra Low Sulphur Fuel Oil,0
2009-11,Bio-Blended Ultra Low Sulphur Fuel Oil,0
2009-11,B100,0
2009-11,LNG,0
2009-11,Methanol,0
2009-11,Ammonia,0
2009-12,Marine Diesel Oil,0.67
2009-12,Bio-Blended Marine Diesel Oil,0
2009-12,Marine Gas Oil,129.47
2009-12,Bio-Blended Marine Gas Oil,0
2009-12,Low Sulphur Marine Gas Oil,0
2009-12,Bio-Blended Low Sulphur Marine Gas Oil,0
2009-12,Marine Fuel Oil,3051.13
2009-12,Bio-Blended Marine Fuel Oil,0
2009-12,Low Sulphur Fuel Oil,0
2009-12,Bio-Blended Low Sulphur Fuel Oil,0
2009-12,Ultra Low Sulphur Fuel Oil,0
2009-12,Bio-Blended Ultra Low Sulphur Fuel Oil,0
2009-12,B100,0
2009-12,LNG,0
2009-12,Methanol,0
2009-12,Ammonia,0
2010-01,Marine Diesel Oil,0.88
2010-01,Bio-Blended Marine Diesel Oil,0
2010-01,Marine Gas Oil,132.08
2010-01,Bio-Blended Marine Gas Oil,0
2010-01,Low Sulphur Marine Gas Oil,0
2010-01,Bio-Blended Low Sulphur Marine Gas Oil,0
2010-01,Marine Fuel Oil,3079.58
2010-01,Bio-Blended Marine Fuel Oil,0
2010-01,Low Sulphur Fuel Oil,0
2010-01,Bio-Blended Low Sulphur Fuel Oil,0
2010-01,Ultra Low Sulphur Fuel Oil,0
2010-01,Bio-Blended Ultra Low Sulphur Fuel Oil,0
2010-01,B100,0
2010-01,LNG,0
2010-01,Methanol,0
2010-01,Ammonia,0
2010-02,Marine Diesel Oil,0.99
2010-02,Bio-Blended Marine Diesel Oil,0
2010-02,Marine Gas Oil,137.03
2010-02,Bio-Blended Marine Gas Oil,0
2010-02,Low Sulphur Marine Gas Oil,0
2010-02,Bio-Blended Low Sulphur Marine Gas Oil,0
2010-02,Marine Fuel Oil,2884.35
2010-02,Bio-Blended Marine Fuel Oil,0
2010-02,Low Sulphur Fuel Oil,0
2010-02,Bio-Blended Low Sulphur Fuel Oil,0
2010-02,Ultra Low Sulphur Fuel Oil,0
2010-02,Bio-Blended Ultra Low Sulphur Fuel Oil,0
2010-02,B100,0
2010-02,LNG,0
2010-02,Methanol,0
2010-02,Ammonia,0
2010-03,Marine Diesel Oil,0.66
2010-03,Bio-Blended Marine Diesel Oil,0
2010-03,Marine Gas Oil,140.83
2010-03,Bio-Blended Marine Gas Oil,0
2010-03,Low Sulphur Marine Gas Oil,0
2010-03,Bio-Blended Low Sulphur Marine Gas Oil,0
2010-03,Marine Fuel Oil,3187.06
2010-03,Bio-Blended Marine Fuel Oil,0
2010-03,Low Sulphur Fuel Oil,0
2010-03,Bio-Blended Low Sulphur Fuel Oil,0
2010-03,Ultra Low Sulphur Fuel Oil,0
2010-03,Bio-Blended Ultra Low Sulphur Fuel Oil,0
2010-03,B100,0
2010-03,LNG,0
2010-03,Methanol,0
2010-03,Ammonia,0
2010-04,Marine Diesel Oil,0.84
2010-04,Bio-Blended Marine Diesel Oil,0
2010-04,Marine Gas Oil,144.47
2010-04,Bio-Blended Marine Gas Oil,0
2010-04,Low Sulphur Marine Gas Oil,0
2010-04,Bio-Blended Low Sulphur Marine Gas Oil,0
2010-04,Marine Fuel Oil,3277.33
2010-04,Bio-Blended Marine Fuel Oil,0
2010-04,Low Sulphur Fuel Oil,0
2010-04,Bio-Blended Low Sulphur Fuel Oil,0
2010-04,Ultra Low Sulphur Fuel Oil,0
2010-04,Bio-Blended Ultra Low Sulphur Fuel Oil,0
2010-04,B100,0
2010-04,LNG,0
2010-04,Methanol,0
2010-04,Ammonia,0
2010-05,Marine Diesel Oil,1.03
2010-05,Bio-Blended Marine Diesel Oil,0
2010-05,Marine Gas Oil,137.01
2010-05,Bio-Blended Marine Gas Oil,0
2010-05,Low Sulphur Marine Gas Oil,0
2010-05,Bio-Blended Low Sulphur Marine Gas Oil,0
2010-05,Marine Fuel Oil,3332.4
2010-05,Bio-Blended Marine Fuel Oil,0
2010-05,Low Sulphur Fuel Oil,0
2010-05,Bio-Blended Low Sulphur Fuel Oil,0
2010-05,Ultra Low Sulphur Fuel Oil,0
2010-05,Bio-Blended Ultra Low Sulphur Fuel Oil,0
2010-05,B100,0
2010-05,LNG,0
2010-05,Methanol,0
2010-05,Ammonia,0
2010-06,Marine Diesel Oil,0.6
2010-06,Bio-Blended Marine Diesel Oil,0
2010-06,Marine Gas Oil,134.72
2010-06,Bio-Blended Marine Gas Oil,0
2010-06,Low Sulphur Marine Gas Oil,0
2010-06,Bio-Blended Low Sulphur Marine Gas Oil,0
2010-06,Marine Fuel Oil,3408.48
2010-06,Bio-Blended Marine Fuel Oil,0
2010-06,Low Sulphur Fuel Oil,0
2010-06,Bio-Blended Low Sulphur Fuel Oil,0
2010-06,Ultra Low Sulphur Fuel Oil,0
2010-06,Bio-Blended Ultra Low Sulphur Fuel Oil,0
2010-06,B100,0
2010-06,LNG,0
2010-06,Methanol,0
2010-06,Ammonia,0
2010-07,Marine Diesel Oil,0.49
2010-07,Bio-Blended Marine Diesel Oil,0
2010-07,Marine Gas Oil,129.64
2010-07,Bio-Blended Marine Gas Oil,0
2010-07,Low Sulphur Marine Gas Oil,0
2010-07,Bio-Blended Low Sulphur Marine Gas Oil,0
2010-07,Marine Fuel Oil,3433.67
2010-07,Bio-Blended Marine Fuel Oil,0
2010-07,Low Sulphur Fuel Oil,0
2010-07,Bio-Blended Low Sulphur Fuel Oil,0
2010-07,Ultra Low Sulphur Fuel Oil,0
2010-07,Bio-Blended Ultra Low Sulphur Fuel Oil,0
2010-07,B100,0
2010-07,LNG,0
2010-07,Methanol,0
2010-07,Ammonia,0
2010-08,Marine Diesel Oil,0.5
2010-08,Bio-Blended Marine Diesel Oil,0
2010-08,Marine Gas Oil,131.22
2010-08,Bio-Blended Marine Gas Oil,0
2010-08,Low Sulphur Marine Gas Oil,0
2010-08,Bio-Blended Low Sulphur Marine Gas Oil,0
2010-08,Marine Fuel Oil,3243.3
2010-08,Bio-Blended Marine Fuel Oil,0
2010-08,Low Sulphur Fuel Oil,0
2010-08,Bio-Blended Low Sulphur Fuel Oil,0
2010-08,Ultra Low Sulphur Fuel Oil,0
2010-08,Bio-Blended Ultra Low Sulphur Fuel Oil,0
2010-08,B100,0
2010-08,LNG,0
2010-08,Methanol,0
2010-08,Ammonia,0
2010-09,Marine Diesel Oil,0.6
2010-09,Bio-Blended Marine Diesel Oil,0
2010-09,Marine Gas Oil,124.86
2010-09,Bio-Blended Marine Gas Oil,0
2010-09,Low Sulphur Marine Gas Oil,0
2010-09,Bio-Blended Low Sulphur Marine Gas Oil,0
2010-09,Marine Fuel Oil,3428.28
2010-09,Bio-Blended Marine Fuel Oil,0
2010-09,Low Sulphur Fuel Oil,0
2010-09,Bio-Blended Low Sulphur Fuel Oil,0
2010-09,Ultra Low Sulphur Fuel Oil,0
2010-09,Bio-Blended Ultra Low Sulphur Fuel Oil,0
2010-09,B100,0
2010-09,LNG,0
2010-09,Methanol,0
2010-09,Ammonia,0
2010-10,Marine Diesel Oil,0.69
2010-10,Bio-Blended Marine Diesel Oil,0
2010-10,Marine Gas Oil,130.77
2010-10,Bio-Blended Marine Gas Oil,0
2010-10,Low Sulphur Marine Gas Oil,0
2010-10,Bio-Blended Low Sulphur Marine Gas Oil,0
2010-10,Marine Fuel Oil,3424.64
2010-10,Bio-Blended Marine Fuel Oil,0
2010-10,Low Sulphur Fuel Oil,0
2010-10,Bio-Blended Low Sulphur Fuel Oil,0
2010-10,Ultra Low Sulphur Fuel Oil,0
2010-10,Bio-Blended Ultra Low Sulphur Fuel Oil,0
2010-10,B100,0
2010-10,LNG,0
2010-10,Methanol,0
2010-10,Ammonia,0
2010-11,Marine Diesel Oil,0.66
2010-11,Bio-Blended Marine Diesel Oil,0
2010-11,Marine Gas Oil,138.35
2010-11,Bio-Blended Marine Gas Oil,0
2010-11,Low Sulphur Marine Gas Oil,0
2010-11,Bio-Blended Low Sulphur Marine Gas Oil,0
2010-11,Marine Fuel Oil,3171.97
2010-11,Bio-Blended Marine Fuel Oil,0
2010-11,Low Sulphur Fuel Oil,0
2010-11,Bio-Blended Low Sulphur Fuel Oil,0
2010-11,Ultra Low Sulphur Fuel Oil,0
2010-11,Bio-Blended Ultra Low Sulphur Fuel Oil,0
2010-11,B100,0
2010-11,LNG,0
2010-11,Methanol,0
2010-11,Ammonia,0
2010-12,Marine Diesel Oil,0.57
2010-12,Bio-Blended Marine Diesel Oil,0
2010-12,Marine Gas Oil,115.64
2010-12,Bio-Blended Marine Gas Oil,0
2010-12,Low Sulphur Marine Gas Oil,0
2010-12,Bio-Blended Low Sulphur Marine Gas Oil,0
2010-12,Marine Fuel Oil,3376.81
2010-12,Bio-Blended Marine Fuel Oil,0
2010-12,Low Sulphur Fuel Oil,0
2010-12,Bio-Blended Low Sulphur Fuel Oil,0
2010-12,Ultra Low Sulphur Fuel Oil,0
2010-12,Bio-Blended Ultra Low Sulphur Fuel Oil,0
2010-12,B100,0
2010-12,LNG,0
2010-12,Methanol,0
2010-12,Ammonia,0
2011-01,Marine Diesel Oil,0.64
2011-01,Bio-Blended Marine Diesel Oil,0
2011-01,Marine Gas Oil,133.99
2011-01,Bio-Blended Marine Gas Oil,0
2011-01,Low Sulphur Marine Gas Oil,0
2011-01,Bio-Blended Low Sulphur Marine Gas Oil,0
2011-01,Marine Fuel Oil,3507.73
2011-01,Bio-Blended Marine Fuel Oil,0
2011-01,Low Sulphur Fuel Oil,0
2011-01,Bio-Blended Low Sulphur Fuel Oil,0
2011-01,Ultra Low Sulphur Fuel Oil,0
2011-01,Bio-Blended Ultra Low Sulphur Fuel Oil,0
2011-01,B100,0
2011-01,LNG,0
2011-01,Methanol,0
2011-01,Ammonia,0
2011-02,Marine Diesel Oil,0.56
2011-02,Bio-Blended Marine Diesel Oil,0
2011-02,Marine Gas Oil,111.73
2011-02,Bio-Blended Marine Gas Oil,0
2011-02,Low Sulphur Marine Gas Oil,0
2011-02,Bio-Blended Low Sulphur Marine Gas Oil,0
2011-02,Marine Fuel Oil,3156.49
2011-02,Bio-Blended Marine Fuel Oil,0
2011-02,Low Sulphur Fuel Oil,0
2011-02,Bio-Blended Low Sulphur Fuel Oil,0
2011-02,Ultra Low Sulphur Fuel Oil,0
2011-02,Bio-Blended Ultra Low Sulphur Fuel Oil,0
2011-02,B100,0
2011-02,LNG,0
2011-02,Methanol,0
2011-02,Ammonia,0
2011-03,Marine Diesel Oil,0.78
2011-03,Bio-Blended Marine Diesel Oil,0
2011-03,Marine Gas Oil,134.94
2011-03,Bio-Blended Marine Gas Oil,0
2011-03,Low Sulphur Marine Gas Oil,0
2011-03,Bio-Blended Low Sulphur Marine Gas Oil,0
2011-03,Marine Fuel Oil,3384.98
2011-03,Bio-Blended Marine Fuel Oil,0
2011-03,Low Sulphur Fuel Oil,0
2011-03,Bio-Blended Low Sulphur Fuel Oil,0
2011-03,Ultra Low Sulphur Fuel Oil,0
2011-03,Bio-Blended Ultra Low Sulphur Fuel Oil,0
2011-03,B100,0
2011-03,LNG,0
2011-03,Methanol,0
2011-03,Ammonia,0
2011-04,Marine Diesel Oil,0.76
2011-04,Bio-Blended Marine Diesel Oil,0
2011-04,Marine Gas Oil,118.89
2011-04,Bio-Blended Marine Gas Oil,0
2011-04,Low Sulphur Marine Gas Oil,0
2011-04,Bio-Blended Low Sulphur Marine Gas Oil,0
2011-04,Marine Fuel Oil,3128.84
2011-04,Bio-Blended Marine Fuel Oil,0
2011-04,Low Sulphur Fuel Oil,0
2011-04,Bio-Blended Low Sulphur Fuel Oil,0
2011-04,Ultra Low Sulphur Fuel Oil,0
2011-04,Bio-Blended Ultra Low Sulphur Fuel Oil,0
2011-04,B100,0
2011-04,LNG,0
2011-04,Methanol,0
2011-04,Ammonia,0
2011-05,Marine Diesel Oil,0.62
2011-05,Bio-Blended Marine Diesel Oil,0
2011-05,Marine Gas Oil,123.17
2011-05,Bio-Blended Marine Gas Oil,0
2011-05,Low Sulphur Marine Gas Oil,0
2011-05,Bio-Blended Low Sulphur Marine Gas Oil,0
2011-05,Marine Fuel Oil,3498.12
2011-05,Bio-Blended Marine Fuel Oil,0
2011-05,Low Sulphur Fuel Oil,0
2011-05,Bio-Blended Low Sulphur Fuel Oil,0
2011-05,Ultra Low Sulphur Fuel Oil,0
2011-05,Bio-Blended Ultra Low Sulphur Fuel Oil,0
2011-05,B100,0
2011-05,LNG,0
2011-05,Methanol,0
2011-05,Ammonia,0
2011-06,Marine Diesel Oil,0.47
2011-06,Bio-Blended Marine Diesel Oil,0
2011-06,Marine Gas Oil,143.36
2011-06,Bio-Blended Marine Gas Oil,0
2011-06,Low Sulphur Marine Gas Oil,0
2011-06,Bio-Blended Low Sulphur Marine Gas Oil,0
2011-06,Marine Fuel Oil,3715.37
2011-06,Bio-Blended Marine Fuel Oil,0
2011-06,Low Sulphur Fuel Oil,0
2011-06,Bio-Blended Low Sulphur Fuel Oil,0
2011-06,Ultra Low Sulphur Fuel Oil,0
2011-06,Bio-Blended Ultra Low Sulphur Fuel Oil,0
2011-06,B100,0
2011-06,LNG,0
2011-06,Methanol,0
2011-06,Ammonia,0
2011-07,Marine Diesel Oil,0.61
2011-07,Bio-Blended Marine Diesel Oil,0
2011-07,Marine Gas Oil,127.83
2011-07,Bio-Blended Marine Gas Oil,0
2011-07,Low Sulphur Marine Gas Oil,0
2011-07,Bio-Blended Low Sulphur Marine Gas Oil,0
2011-07,Marine Fuel Oil,3514.48
2011-07,Bio-Blended Marine Fuel Oil,0
2011-07,Low Sulphur Fuel Oil,0
2011-07,Bio-Blended Low Sulphur Fuel Oil,0
2011-07,Ultra Low Sulphur Fuel Oil,0
2011-07,Bio-Blended Ultra Low Sulphur Fuel Oil,0
2011-07,B100,0
2011-07,LNG,0
2011-07,Methanol,0
2011-07,Ammonia,0
2011-08,Marine Diesel Oil,0.75
2011-08,Bio-Blended Marine Diesel Oil,0
2011-08,Marine Gas Oil,149.26
2011-08,Bio-Blended Marine Gas Oil,0
2011-08,Low Sulphur Marine Gas Oil,0
2011-08,Bio-Blended Low Sulphur Marine Gas Oil,0
2011-08,Marine Fuel Oil,3665.25
2011-08,Bio-Blended Marine Fuel Oil,0
2011-08,Low Sulphur Fuel Oil,0
2011-08,Bio-Blended Low Sulphur Fuel Oil,0
2011-08,Ultra Low Sulphur Fuel Oil,0
2011-08,Bio-Blended Ultra Low Sulphur Fuel Oil,0
2011-08,B100,0
2011-08,LNG,0
2011-08,Methanol,0
2011-08,Ammonia,0
2011-09,Marine Diesel Oil,0.44
2011-09,Bio-Blended Marine Diesel Oil,0
2011-09,Marine Gas Oil,125.65
2011-09,Bio-Blended Marine Gas Oil,0
2011-09,Low Sulphur Marine Gas Oil,0
2011-09,Bio-Blended Low Sulphur Marine Gas Oil,0
2011-09,Marine Fuel Oil,3442.27
2011-09,Bio-Blended Marine Fuel Oil,0
2011-09,Low Sulphur Fuel Oil,0
2011-09,Bio-Blended Low Sulphur Fuel Oil,0
2011-09,Ultra Low Sulphur Fuel Oil,0
2011-09,Bio-Blended Ultra Low Sulphur Fuel Oil,0
2011-09,B100,0
2011-09,LNG,0
2011-09,Methanol,0
2011-09,Ammonia,0
2011-10,Marine Diesel Oil,0.2
2011-10,Bio-Blended Marine Diesel Oil,0
2011-10,Marine Gas Oil,145.09
2011-10,Bio-Blended Marine Gas Oil,0
2011-10,Low Sulphur Marine Gas Oil,0
2011-10,Bio-Blended Low Sulphur Marine Gas Oil,0
2011-10,Marine Fuel Oil,3400.89
2011-10,Bio-Blended Marine Fuel Oil,0
2011-10,Low Sulphur Fuel Oil,0
2011-10,Bio-Blended Low Sulphur Fuel Oil,0
2011-10,Ultra Low Sulphur Fuel Oil,0
2011-10,Bio-Blended Ultra Low Sulphur Fuel Oil,0
2011-10,B100,0
2011-10,LNG,0
2011-10,Methanol,0
2011-10,Ammonia,0
2011-11,Marine Diesel Oil,0.6
2011-11,Bio-Blended Marine Diesel Oil,0
2011-11,Marine Gas Oil,126.76
2011-11,Bio-Blended Marine Gas Oil,0
2011-11,Low Sulphur Marine Gas Oil,0
2011-11,Bio-Blended Low Sulphur Marine Gas Oil,0
2011-11,Marine Fuel Oil,3488.03
2011-11,Bio-Blended Marine Fuel Oil,0
2011-11,Low Sulphur Fuel Oil,0
2011-11,Bio-Blended Low Sulphur Fuel Oil,0
2011-11,Ultra Low Sulphur Fuel Oil,0
2011-11,Bio-Blended Ultra Low Sulphur Fuel Oil,0
2011-11,B100,0
2011-11,LNG,0
2011-11,Methanol,0
2011-11,Ammonia,0
2011-12,Marine Diesel Oil,0.23
2011-12,Bio-Blended Marine Diesel Oil,0
2011-12,Marine Gas Oil,128.91
2011-12,Bio-Blended Marine Gas Oil,0
2011-12,Low Sulphur Marine Gas Oil,0
2011-12,Bio-Blended Low Sulphur Marine Gas Oil,0
2011-12,Marine Fuel Oil,3674.99
2011-12,Bio-Blended Marine Fuel Oil,0
2011-12,Low Sulphur Fuel Oil,0
2011-12,Bio-Blended Low Sulphur Fuel Oil,0
2011-12,Ultra Low Sulphur Fuel Oil,0
2011-12,Bio-Blended Ultra Low Sulphur Fuel Oil,0
2011-12,B100,0
2011-12,LNG,0
2011-12,Methanol,0
2011-12,Ammonia,0
2012-01,Marine Diesel Oil,0.26
2012-01,Bio-Blended Marine Diesel Oil,0
2012-01,Marine Gas Oil,113.33
2012-01,Bio-Blended Marine Gas Oil,0
2012-01,Low Sulphur Marine Gas Oil,0
2012-01,Bio-Blended Low Sulphur Marine Gas Oil,0
2012-01,Marine Fuel Oil,3554.97
2012-01,Bio-Blended Marine Fuel Oil,0
2012-01,Low Sulphur Fuel Oil,0
2012-01,Bio-Blended Low Sulphur Fuel Oil,0
2012-01,Ultra Low Sulphur Fuel Oil,0
2012-01,Bio-Blended Ultra Low Sulphur Fuel Oil,0
2012-01,B100,0
2012-01,LNG,0
2012-01,Methanol,0
2012-01,Ammonia,0
2012-02,Marine Diesel Oil,0.22
2012-02,Bio-Blended Marine Diesel Oil,0
2012-02,Marine Gas Oil,128.73
2012-02,Bio-Blended Marine Gas Oil,0
2012-02,Low Sulphur Marine Gas Oil,0
2012-02,Bio-Blended Low Sulphur Marine Gas Oil,0
2012-02,Marine Fuel Oil,2963.79
2012-02,Bio-Blended Marine Fuel Oil,0
2012-02,Low Sulphur Fuel Oil,0
2012-02,Bio-Blended Low Sulphur Fuel Oil,0
2012-02,Ultra Low Sulphur Fuel Oil,0
2012-02,Bio-Blended Ultra Low Sulphur Fuel Oil,0
2012-02,B100,0
2012-02,LNG,0
2012-02,Methanol,0
2012-02,Ammonia,0
2012-03,Marine Diesel Oil,0.3
2012-03,Bio-Blended Marine Diesel Oil,0
2012-03,Marine Gas Oil,126.39
2012-03,Bio-Blended Marine Gas Oil,0
2012-03,Low Sulphur Marine Gas Oil,0
2012-03,Bio-Blended Low Sulphur Marine Gas Oil,0
2012-03,Marine Fuel Oil,3482.13
2012-03,Bio-Blended Marine Fuel Oil,0
2012-03,Low Sulphur Fuel Oil,0
2012-03,Bio-Blended Low Sulphur Fuel Oil,0
2012-03,Ultra Low Sulphur Fuel Oil,0
2012-03,Bio-Blended Ultra Low Sulphur Fuel Oil,0
2012-03,B100,0
2012-03,LNG,0
2012-03,Methanol,0
2012-03,Ammonia,0
2012-04,Marine Diesel Oil,0.06
2012-04,Bio-Blended Marine Diesel Oil,0
2012-04,Marine Gas Oil,129.93
2012-04,Bio-Blended Marine Gas Oil,0
2012-04,Low Sulphur Marine Gas Oil,0
2012-04,Bio-Blended Low Sulphur Marine Gas Oil,0
2012-04,Marine Fuel Oil,3605.4
2012-04,Bio-Blended Marine Fuel Oil,0
2012-04,Low Sulphur Fuel Oil,0
2012-04,Bio-Blended Low Sulphur Fuel Oil,0
2012-04,Ultra Low Sulphur Fuel Oil,0
2012-04,Bio-Blended Ultra Low Sulphur Fuel Oil,0
2012-04,B100,0
2012-04,LNG,0
2012-04,Methanol,0
2012-04,Ammonia,0
2012-05,Marine Diesel Oil,0.12
2012-05,Bio-Blended Marine Diesel Oil,0
2012-05,Marine Gas Oil,128.38
2012-05,Bio-Blended Marine Gas Oil,0
2012-05,Low Sulphur Marine Gas Oil,0
2012-05,Bio-Blended Low Sulphur Marine Gas Oil,0
2012-05,Marine Fuel Oil,3857.22
2012-05,Bio-Blended Marine Fuel Oil,0
2012-05,Low Sulphur Fuel Oil,0
2012-05,Bio-Blended Low Sulphur Fuel Oil,0
2012-05,Ultra Low Sulphur Fuel Oil,0
2012-05,Bio-Blended Ultra Low Sulphur Fuel Oil,0
2012-05,B100,0
2012-05,LNG,0
2012-05,Methanol,0
2012-05,Ammonia,0
2012-06,Marine Diesel Oil,0.36
2012-06,Bio-Blended Marine Diesel Oil,0
2012-06,Marine Gas Oil,123.42
2012-06,Bio-Blended Marine Gas Oil,0
2012-06,Low Sulphur Marine Gas Oil,0
2012-06,Bio-Blended Low Sulphur Marine Gas Oil,0
2012-06,Marine Fuel Oil,3523.16
2012-06,Bio-Blended Marine Fuel Oil,0
2012-06,Low Sulphur Fuel Oil,0
2012-06,Bio-Blended Low Sulphur Fuel Oil,0
2012-06,Ultra Low Sulphur Fuel Oil,0
2012-06,Bio-Blended Ultra Low Sulphur Fuel Oil,0
2012-06,B100,0
2012-06,LNG,0
2012-06,Methanol,0
2012-06,Ammonia,0
2012-07,Marine Diesel Oil,0.26
2012-07,Bio-Blended Marine Diesel Oil,0
2012-07,Marine Gas Oil,114.68
2012-07,Bio-Blended Marine Gas Oil,0
2012-07,Low Sulphur Marine Gas Oil,0
2012-07,Bio-Blended Low Sulphur Marine Gas Oil,0
2012-07,Marine Fuel Oil,3540.28
2012-07,Bio-Blended Marine Fuel Oil,0
2012-07,Low Sulphur Fuel Oil,0
2012-07,Bio-Blended Low Sulphur Fuel Oil,0
2012-07,Ultra Low Sulphur Fuel Oil,0
2012-07,Bio-Blended Ultra Low Sulphur Fuel Oil,0
2012-07,B100,0
2012-07,LNG,0
2012-07,Methanol,0
2012-07,Ammonia,0
2012-08,Marine Diesel Oil,0.09
2012-08,Bio-Blended Marine Diesel Oil,0
2012-08,Marine Gas Oil,120.13
2012-08,Bio-Blended Marine Gas Oil,0
2012-08,Low Sulphur Marine Gas Oil,0
2012-08,Bio-Blended Low Sulphur Marine Gas Oil,0
2012-08,Marine Fuel Oil,3435.78
2012-08,Bio-Blended Marine Fuel Oil,0
2012-08,Low Sulphur Fuel Oil,0
2012-08,Bio-Blended Low Sulphur Fuel Oil,0
2012-08,Ultra Low Sulphur Fuel Oil,0
2012-08,Bio-Blended Ultra Low Sulphur Fuel Oil,0
2012-08,B100,0
2012-08,LNG,0
2012-08,Methanol,0
2012-08,Ammonia,0
2012-09,Marine Diesel Oil,0.03
2012-09,Bio-Blended Marine Diesel Oil,0
2012-09,Marine Gas Oil,118.1
2012-09,Bio-Blended Marine Gas Oil,0
2012-09,Low Sulphur Marine Gas Oil,0
2012-09,Bio-Blended Low Sulphur Marine Gas Oil,0
2012-09,Marine Fuel Oil,3208.26
2012-09,Bio-Blended Marine Fuel Oil,0
2012-09,Low Sulphur Fuel Oil,0
2012-09,Bio-Blended Low Sulphur Fuel Oil,0
2012-09,Ultra Low Sulphur Fuel Oil,0
2012-09,Bio-Blended Ultra Low Sulphur Fuel Oil,0
2012-09,B100,0
2012-09,LNG,0
2012-09,Methanol,0
2012-09,Ammonia,0
2012-10,Marine Diesel Oil,0.14
2012-10,Bio-Blended Marine Diesel Oil,0
2012-10,Marine Gas Oil,114.22
2012-10,Bio-Blended Marine Gas Oil,0
2012-10,Low Sulphur Marine Gas Oil,0
2012-10,Bio-Blended Low Sulphur Marine Gas Oil,0
2012-10,Marine Fuel Oil,3394.03
2012-10,Bio-Blended Marine Fuel Oil,0
2012-10,Low Sulphur Fuel Oil,0
2012-10,Bio-Blended Low Sulphur Fuel Oil,0
2012-10,Ultra Low Sulphur Fuel Oil,0
2012-10,Bio-Blended Ultra Low Sulphur Fuel Oil,0
2012-10,B100,0
2012-10,LNG,0
2012-10,Methanol,0
2012-10,Ammonia,0
2012-11,Marine Diesel Oil,0.24
2012-11,Bio-Blended Marine Diesel Oil,0
2012-11,Marine Gas Oil,118.58
2012-11,Bio-Blended Marine Gas Oil,0
2012-11,Low Sulphur Marine Gas Oil,0
2012-11,Bio-Blended Low Sulphur Marine Gas Oil,0
2012-11,Marine Fuel Oil,3156.78
2012-11,Bio-Blended Marine Fuel Oil,0
2012-11,Low Sulphur Fuel Oil,0
2012-11,Bio-Blended Low Sulphur Fuel Oil,0
2012-11,Ultra Low Sulphur Fuel Oil,0
2012-11,Bio-Blended Ultra Low Sulphur Fuel Oil,0
2012-11,B100,0
2012-11,LNG,0
2012-11,Methanol,0
2012-11,Ammonia,0
2012-12,Marine Diesel Oil,0.09
2012-12,Bio-Blended Marine Diesel Oil,0
2012-12,Marine Gas Oil,118.34
2012-12,Bio-Blended Marine Gas Oil,0
2012-12,Low Sulphur Marine Gas Oil,0
2012-12,Bio-Blended Low Sulphur Marine Gas Oil,0
2012-12,Marine Fuel Oil,3507.24
2012-12,Bio-Blended Marine Fuel Oil,0
2012-12,Low Sulphur Fuel Oil,0
2012-12,Bio-Blended Low Sulphur Fuel Oil,0
2012-12,Ultra Low Sulphur Fuel Oil,0
2012-12,Bio-Blended Ultra Low Sulphur Fuel Oil,0
2012-12,B100,0
2012-12,LNG,0
2012-12,Methanol,0
2012-12,Ammonia,0
2013-01,Marine Diesel Oil,0.16
2013-01,Bio-Blended Marine Diesel Oil,0
2013-01,Marine Gas Oil,119.33
2013-01,Bio-Blended Marine Gas Oil,0
2013-01,Low Sulphur Marine Gas Oil,9.64
2013-01,Bio-Blended Low Sulphur Marine Gas Oil,0
2013-01,Marine Fuel Oil,3614.07
2013-01,Bio-Blended Marine Fuel Oil,0
2013-01,Low Sulphur Fuel Oil,44.38
2013-01,Bio-Blended Low Sulphur Fuel Oil,0
2013-01,Ultra Low Sulphur Fuel Oil,0
2013-01,Bio-Blended Ultra Low Sulphur Fuel Oil,0
2013-01,B100,0
2013-01,LNG,0
2013-01,Methanol,0
2013-01,Ammonia,0
2013-02,Marine Diesel Oil,0.2
2013-02,Bio-Blended Marine Diesel Oil,0
2013-02,Marine Gas Oil,84.48
2013-02,Bio-Blended Marine Gas Oil,0
2013-02,Low Sulphur Marine Gas Oil,13.85
2013-02,Bio-Blended Low Sulphur Marine Gas Oil,0
2013-02,Marine Fuel Oil,2933.17
2013-02,Bio-Blended Marine Fuel Oil,0
2013-02,Low Sulphur Fuel Oil,44.68
2013-02,Bio-Blended Low Sulphur Fuel Oil,0
2013-02,Ultra Low Sulphur Fuel Oil,0
2013-02,Bio-Blended Ultra Low Sulphur Fuel Oil,0
2013-02,B100,0
2013-02,LNG,0
2013-02,Methanol,0
2013-02,Ammonia,0
2013-03,Marine Diesel Oil,0.13
2013-03,Bio-Blended Marine Diesel Oil,0
2013-03,Marine Gas Oil,104.75
2013-03,Bio-Blended Marine Gas Oil,0
2013-03,Low Sulphur Marine Gas Oil,19
2013-03,Bio-Blended Low Sulphur Marine Gas Oil,0
2013-03,Marine Fuel Oil,3186.86
2013-03,Bio-Blended Marine Fuel Oil,0
2013-03,Low Sulphur Fuel Oil,51.95
2013-03,Bio-Blended Low Sulphur Fuel Oil,0
2013-03,Ultra Low Sulphur Fuel Oil,0
2013-03,Bio-Blended Ultra Low Sulphur Fuel Oil,0
2013-03,B100,0
2013-03,LNG,0
2013-03,Methanol,0
2013-03,Ammonia,0
2013-04,Marine Diesel Oil,0.14
2013-04,Bio-Blended Marine Diesel Oil,0
2013-04,Marine Gas Oil,113.88
2013-04,Bio-Blended Marine Gas Oil,0
2013-04,Low Sulphur Marine Gas Oil,20.49
2013-04,Bio-Blended Low Sulphur Marine Gas Oil,0
2013-04,Marine Fuel Oil,3458
2013-04,Bio-Blended Marine Fuel Oil,0
2013-04,Low Sulphur Fuel Oil,55.42
2013-04,Bio-Blended Low Sulphur Fuel Oil,0
2013-04,Ultra Low Sulphur Fuel Oil,0
2013-04,Bio-Blended Ultra Low Sulphur Fuel Oil,0
2013-04,B100,0
2013-04,LNG,0
2013-04,Methanol,0
2013-04,Ammonia,0
2013-05,Marine Diesel Oil,0.16
2013-05,Bio-Blended Marine Diesel Oil,0
2013-05,Marine Gas Oil,93.69
2013-05,Bio-Blended Marine Gas Oil,0
2013-05,Low Sulphur Marine Gas Oil,13.23
2013-05,Bio-Blended Low Sulphur Marine Gas Oil,0
2013-05,Marine Fuel Oil,3371.97
2013-05,Bio-Blended Marine Fuel Oil,0
2013-05,Low Sulphur Fuel Oil,54.85
2013-05,Bio-Blended Low Sulphur Fuel Oil,0
2013-05,Ultra Low Sulphur Fuel Oil,0
2013-05,Bio-Blended Ultra Low Sulphur Fuel Oil,0
2013-05,B100,0
2013-05,LNG,0
2013-05,Methanol,0
2013-05,Ammonia,0
2013-06,Marine Diesel Oil,0.07
2013-06,Bio-Blended Marine Diesel Oil,0
2013-06,Marine Gas Oil,95.04
2013-06,Bio-Blended Marine Gas Oil,0
2013-06,Low Sulphur Marine Gas Oil,16.08
2013-06,Bio-Blended Low Sulphur Marine Gas Oil,0
2013-06,Marine Fuel Oil,3320.2
2013-06,Bio-Blended Marine Fuel Oil,0
2013-06,Low Sulphur Fuel Oil,46.86
2013-06,Bio-Blended Low Sulphur Fuel Oil,0
2013-06,Ultra Low Sulphur Fuel Oil,0
2013-06,Bio-Blended Ultra Low Sulphur Fuel Oil,0
2013-06,B100,0
2013-06,LNG,0
2013-06,Methanol,0
2013-06,Ammonia,0
2013-07,Marine Diesel Oil,0.16
2013-07,Bio-Blended Marine Diesel Oil,0
2013-07,Marine Gas Oil,107.35
2013-07,Bio-Blended Marine Gas Oil,0
2013-07,Low Sulphur Marine Gas Oil,15.84
2013-07,Bio-Blended Low Sulphur Marine Gas Oil,0
2013-07,Marine Fuel Oil,3572.57
2013-07,Bio-Blended Marine Fuel Oil,0
2013-07,Low Sulphur Fuel Oil,44.84
2013-07,Bio-Blended Low Sulphur Fuel Oil,0
2013-07,Ultra Low Sulphur Fuel Oil,0
2013-07,Bio-Blended Ultra Low Sulphur Fuel Oil,0
2013-07,B100,0
2013-07,LNG,0
2013-07,Methanol,0
2013-07,Ammonia,0
2013-08,Marine Diesel Oil,0.17
2013-08,Bio-Blended Marine Diesel Oil,0
2013-08,Marine Gas Oil,96.71
2013-08,Bio-Blended Marine Gas Oil,0
2013-08,Low Sulphur Marine Gas Oil,10.8
2013-08,Bio-Blended Low Sulphur Marine Gas Oil,0
2013-08,Marine Fuel Oil,3335.57
2013-08,Bio-Blended Marine Fuel Oil,0
2013-08,Low Sulphur Fuel Oil,44.89
2013-08,Bio-Blended Low Sulphur Fuel Oil,0
2013-08,Ultra Low Sulphur Fuel Oil,0
2013-08,Bio-Blended Ultra Low Sulphur Fuel Oil,0
2013-08,B100,0
2013-08,LNG,0
2013-08,Methanol,0
2013-08,Ammonia,0
2013-09,Marine Diesel Oil,0.32
2013-09,Bio-Blended Marine Diesel Oil,0
2013-09,Marine Gas Oil,104.15
2013-09,Bio-Blended Marine Gas Oil,0
2013-09,Low Sulphur Marine Gas Oil,16.74
2013-09,Bio-Blended Low Sulphur Marine Gas Oil,0
2013-09,Marine Fuel Oil,3437.93
2013-09,Bio-Blended Marine Fuel Oil,0
2013-09,Low Sulphur Fuel Oil,51.41
2013-09,Bio-Blended Low Sulphur Fuel Oil,0
2013-09,Ultra Low Sulphur Fuel Oil,0
2013-09,Bio-Blended Ultra Low Sulphur Fuel Oil,0
2013-09,B100,0
2013-09,LNG,0
2013-09,Methanol,0
2013-09,Ammonia,0
2013-10,Marine Diesel Oil,0.19
2013-10,Bio-Blended Marine Diesel Oil,0
2013-10,Marine Gas Oil,91.58
2013-10,Bio-Blended Marine Gas Oil,0
2013-10,Low Sulphur Marine Gas Oil,19.27
2013-10,Bio-Blended Low Sulphur Marine Gas Oil,0
2013-10,Marine Fuel Oil,3628.82
2013-10,Bio-Blended Marine Fuel Oil,0
2013-10,Low Sulphur Fuel Oil,40.7
2013-10,Bio-Blended Low Sulphur Fuel Oil,0
2013-10,Ultra Low Sulphur Fuel Oil,0
2013-10,Bio-Blended Ultra Low Sulphur Fuel Oil,0
2013-10,B100,0
2013-10,LNG,0
2013-10,Methanol,0
2013-10,Ammonia,0
2013-11,Marine Diesel Oil,0.17
2013-11,Bio-Blended Marine Diesel Oil,0
2013-11,Marine Gas Oil,74.53
2013-11,Bio-Blended Marine Gas Oil,0
2013-11,Low Sulphur Marine Gas Oil,17.15
2013-11,Bio-Blended Low Sulphur Marine Gas Oil,0
2013-11,Marine Fuel Oil,3245.38
2013-11,Bio-Blended Marine Fuel Oil,0
2013-11,Low Sulphur Fuel Oil,35.92
2013-11,Bio-Blended Low Sulphur Fuel Oil,0
2013-11,Ultra Low Sulphur Fuel Oil,0
2013-11,Bio-Blended Ultra Low Sulphur Fuel Oil,0
2013-11,B100,0
2013-11,LNG,0
2013-11,Methanol,0
2013-11,Ammonia,0
2013-12,Marine Diesel Oil,0.18
2013-12,Bio-Blended Marine Diesel Oil,0
2013-12,Marine Gas Oil,97.45
2013-12,Bio-Blended Marine Gas Oil,0
2013-12,Low Sulphur Marine Gas Oil,18.82
2013-12,Bio-Blended Low Sulphur Marine Gas Oil,0
2013-12,Marine Fuel Oil,3643.85
2013-12,Bio-Blended Marine Fuel Oil,0
2013-12,Low Sulphur Fuel Oil,42.06
2013-12,Bio-Blended Low Sulphur Fuel Oil,0
2013-12,Ultra Low Sulphur Fuel Oil,0
2013-12,Bio-Blended Ultra Low Sulphur Fuel Oil,0
2013-12,B100,0
2013-12,LNG,0
2013-12,Methanol,0
2013-12,Ammonia,0
2014-01,Marine Diesel Oil,0.17
2014-01,Bio-Blended Marine Diesel Oil,0
2014-01,Marine Gas Oil,70.42
2014-01,Bio-Blended Marine Gas Oil,0
2014-01,Low Sulphur Marine Gas Oil,12.67
2014-01,Bio-Blended Low Sulphur Marine Gas Oil,0
2014-01,Marine Fuel Oil,3435.57
2014-01,Bio-Blended Marine Fuel Oil,0
2014-01,Low Sulphur Fuel Oil,39
2014-01,Bio-Blended Low Sulphur Fuel Oil,0
2014-01,Ultra Low Sulphur Fuel Oil,0
2014-01,Bio-Blended Ultra Low Sulphur Fuel Oil,0
2014-01,B100,0
2014-01,LNG,0
2014-01,Methanol,0
2014-01,Ammonia,0
2014-02,Marine Diesel Oil,0.25
2014-02,Bio-Blended Marine Diesel Oil,0
2014-02,Marine Gas Oil,91.69
2014-02,Bio-Blended Marine Gas Oil,0
2014-02,Low Sulphur Marine Gas Oil,16.26
2014-02,Bio-Blended Low Sulphur Marine Gas Oil,0
2014-02,Marine Fuel Oil,3121.65
2014-02,Bio-Blended Marine Fuel Oil,0
2014-02,Low Sulphur Fuel Oil,47.55
2014-02,Bio-Blended Low Sulphur Fuel Oil,0
2014-02,Ultra Low Sulphur Fuel Oil,0
2014-02,Bio-Blended Ultra Low Sulphur Fuel Oil,0
2014-02,B100,0
2014-02,LNG,0
2014-02,Methanol,0
2014-02,Ammonia,0
2014-03,Marine Diesel Oil,0.04
2014-03,Bio-Blended Marine Diesel Oil,0
2014-03,Marine Gas Oil,88.29
2014-03,Bio-Blended Marine Gas Oil,0
2014-03,Low Sulphur Marine Gas Oil,13.79
2014-03,Bio-Blended Low Sulphur Marine Gas Oil,0
2014-03,Marine Fuel Oil,3037.56
2014-03,Bio-Blended Marine Fuel Oil,0
2014-03,Low Sulphur Fuel Oil,45.2
2014-03,Bio-Blended Low Sulphur Fuel Oil,0
2014-03,Ultra Low Sulphur Fuel Oil,0
2014-03,Bio-Blended Ultra Low Sulphur Fuel Oil,0
2014-03,B100,0
2014-03,LNG,0
2014-03,Methanol,0
2014-03,Ammonia,0
2014-04,Marine Diesel Oil,0.04
2014-04,Bio-Blended Marine Diesel Oil,0
2014-04,Marine Gas Oil,98.66
2014-04,Bio-Blended Marine Gas Oil,0
2014-04,Low Sulphur Marine Gas Oil,27.35
2014-04,Bio-Blended Low Sulphur Marine Gas Oil,0
2014-04,Marine Fuel Oil,3643.61
2014-04,Bio-Blended Marine Fuel Oil,0
2014-04,Low Sulphur Fuel Oil,43.24
2014-04,Bio-Blended Low Sulphur Fuel Oil,0
2014-04,Ultra Low Sulphur Fuel Oil,0
2014-04,Bio-Blended Ultra Low Sulphur Fuel Oil,0
2014-04,B100,0
2014-04,LNG,0
2014-04,Methanol,0
2014-04,Ammonia,0
2014-05,Marine Diesel Oil,0.15
2014-05,Bio-Blended Marine Diesel Oil,0
2014-05,Marine Gas Oil,90.04
2014-05,Bio-Blended Marine Gas Oil,0
2014-05,Low Sulphur Marine Gas Oil,20.37
2014-05,Bio-Blended Low Sulphur Marine Gas Oil,0
2014-05,Marine Fuel Oil,3485.98
2014-05,Bio-Blended Marine Fuel Oil,0
2014-05,Low Sulphur Fuel Oil,41.06
2014-05,Bio-Blended Low Sulphur Fuel Oil,0
2014-05,Ultra Low Sulphur Fuel Oil,0
2014-05,Bio-Blended Ultra Low Sulphur Fuel Oil,0
2014-05,B100,0
2014-05,LNG,0
2014-05,Methanol,0
2014-05,Ammonia,0
2014-06,Marine Diesel Oil,0.1
2014-06,Bio-Blended Marine Diesel Oil,0
2014-06,Marine Gas Oil,80.26
2014-06,Bio-Blended Marine Gas Oil,0
2014-06,Low Sulphur Marine Gas Oil,20.4
2014-06,Bio-Blended Low Sulphur Marine Gas Oil,0
2014-06,Marine Fuel Oil,3228.49
2014-06,Bio-Blended Marine Fuel Oil,0
2014-06,Low Sulphur Fuel Oil,44.5
2014-06,Bio-Blended Low Sulphur Fuel Oil,0
2014-06,Ultra Low Sulphur Fuel Oil,0
2014-06,Bio-Blended Ultra Low Sulphur Fuel Oil,0
2014-06,B100,0
2014-06,LNG,0
2014-06,Methanol,0
2014-06,Ammonia,0
2014-07,Marine Diesel Oil,0.12
2014-07,Bio-Blended Marine Diesel Oil,0
2014-07,Marine Gas Oil,86.35
2014-07,Bio-Blended Marine Gas Oil,0
2014-07,Low Sulphur Marine Gas Oil,20.77
2014-07,Bio-Blended Low Sulphur Marine Gas Oil,0
2014-07,Marine Fuel Oil,3515.78
2014-07,Bio-Blended Marine Fuel Oil,0
2014-07,Low Sulphur Fuel Oil,39.57
2014-07,Bio-Blended Low Sulphur Fuel Oil,0
2014-07,Ultra Low Sulphur Fuel Oil,0
2014-07,Bio-Blended Ultra Low Sulphur Fuel Oil,0
2014-07,B100,0
2014-07,LNG,0
2014-07,Methanol,0
2014-07,Ammonia,0
2014-08,Marine Diesel Oil,0.35
2014-08,Bio-Blended Marine Diesel Oil,0
2014-08,Marine Gas Oil,82.76
2014-08,Bio-Blended Marine Gas Oil,0
2014-08,Low Sulphur Marine Gas Oil,18.92
2014-08,Bio-Blended Low Sulphur Marine Gas Oil,0
2014-08,Marine Fuel Oil,3525.24
2014-08,Bio-Blended Marine Fuel Oil,0
2014-08,Low Sulphur Fuel Oil,41.52
2014-08,Bio-Blended Low Sulphur Fuel Oil,0
2014-08,Ultra Low Sulphur Fuel Oil,0
2014-08,Bio-Blended Ultra Low Sulphur Fuel Oil,0
2014-08,B100,0
2014-08,LNG,0
2014-08,Methanol,0
2014-08,Ammonia,0
2014-09,Marine Diesel Oil,0.11
2014-09,Bio-Blended Marine Diesel Oil,0
2014-09,Marine Gas Oil,89.9
2014-09,Bio-Blended Marine Gas Oil,0
2014-09,Low Sulphur Marine Gas Oil,15.9
2014-09,Bio-Blended Low Sulphur Marine Gas Oil,0
2014-09,Marine Fuel Oil,3385.46
2014-09,Bio-Blended Marine Fuel Oil,0
2014-09,Low Sulphur Fuel Oil,30.14
2014-09,Bio-Blended Low Sulphur Fuel Oil,0
2014-09,Ultra Low Sulphur Fuel Oil,0
2014-09,Bio-Blended Ultra Low Sulphur Fuel Oil,0
2014-09,B100,0
2014-09,LNG,0
2014-09,Methanol,0
2014-09,Ammonia,0
2014-10,Marine Diesel Oil,0.21
2014-10,Bio-Blended Marine Diesel Oil,0
2014-10,Marine Gas Oil,94.08
2014-10,Bio-Blended Marine Gas Oil,0
2014-10,Low Sulphur Marine Gas Oil,25.01
2014-10,Bio-Blended Low Sulphur Marine Gas Oil,0
2014-10,Marine Fuel Oil,3447.47
2014-10,Bio-Blended Marine Fuel Oil,0
2014-10,Low Sulphur Fuel Oil,26.85
2014-10,Bio-Blended Low Sulphur Fuel Oil,0
2014-10,Ultra Low Sulphur Fuel Oil,0
2014-10,Bio-Blended Ultra Low Sulphur Fuel Oil,0
2014-10,B100,0
2014-10,LNG,0
2014-10,Methanol,0
2014-10,Ammonia,0
2014-11,Marine Diesel Oil,0.22
2014-11,Bio-Blended Marine Diesel Oil,0
2014-11,Marine Gas Oil,64.03
2014-11,Bio-Blended Marine Gas Oil,0
2014-11,Low Sulphur Marine Gas Oil,38.11
2014-11,Bio-Blended Low Sulphur Marine Gas Oil,0
2014-11,Marine Fuel Oil,3430.36
2014-11,Bio-Blended Marine Fuel Oil,0
2014-11,Low Sulphur Fuel Oil,15.69
2014-11,Bio-Blended Low Sulphur Fuel Oil,0
2014-11,Ultra Low Sulphur Fuel Oil,0
2014-11,Bio-Blended Ultra Low Sulphur Fuel Oil,0
2014-11,B100,0
2014-11,LNG,0
2014-11,Methanol,0
2014-11,Ammonia,0
2014-12,Marine Diesel Oil,0.13
2014-12,Bio-Blended Marine Diesel Oil,0
2014-12,Marine Gas Oil,85.82
2014-12,Bio-Blended Marine Gas Oil,0
2014-12,Low Sulphur Marine Gas Oil,58.41
2014-12,Bio-Blended Low Sulphur Marine Gas Oil,0
2014-12,Marine Fuel Oil,3428.31
2014-12,Bio-Blended Marine Fuel Oil,0
2014-12,Low Sulphur Fuel Oil,4.81
2014-12,Bio-Blended Low Sulphur Fuel Oil,0
2014-12,Ultra Low Sulphur Fuel Oil,0
2014-12,Bio-Blended Ultra Low Sulphur Fuel Oil,0
2014-12,B100,0
2014-12,LNG,0
2014-12,Methanol,0
2014-12,Ammonia,0
2015-01,Marine Diesel Oil,0.09
2015-01,Bio-Blended Marine Diesel Oil,0
2015-01,Marine Gas Oil,86.86
2015-01,Bio-Blended Marine Gas Oil,0
2015-01,Low Sulphur Marine Gas Oil,80.84
2015-01,Bio-Blended Low Sulphur Marine Gas Oil,0
2015-01,Marine Fuel Oil,3511.6
2015-01,Bio-Blended Marine Fuel Oil,0
2015-01,Low Sulphur Fuel Oil,0.69
2015-01,Bio-Blended Low Sulphur Fuel Oil,0
2015-01,Ultra Low Sulphur Fuel Oil,0
2015-01,Bio-Blended Ultra Low Sulphur Fuel Oil,0
2015-01,B100,0
2015-01,LNG,0
2015-01,Methanol,0
2015-01,Ammonia,0
2015-02,Marine Diesel Oil,0.31
2015-02,Bio-Blended Marine Diesel Oil,0
2015-02,Marine Gas Oil,82.89
2015-02,Bio-Blended Marine Gas Oil,0
2015-02,Low Sulphur Marine Gas Oil,68.11
2015-02,Bio-Blended Low Sulphur Marine Gas Oil,0
2015-02,Marine Fuel Oil,3244.48
2015-02,Bio-Blended Marine Fuel Oil,0
2015-02,Low Sulphur Fuel Oil,0.2
2015-02,Bio-Blended Low Sulphur Fuel Oil,0
2015-02,Ultra Low Sulphur Fuel Oil,0
2015-02,Bio-Blended Ultra Low Sulphur Fuel Oil,0
2015-02,B100,0
2015-02,LNG,0
2015-02,Methanol,0
2015-02,Ammonia,0
2015-03,Marine Diesel Oil,0.14
2015-03,Bio-Blended Marine Diesel Oil,0
2015-03,Marine Gas Oil,83.64
2015-03,Bio-Blended Marine Gas Oil,0
2015-03,Low Sulphur Marine Gas Oil,64.57
2015-03,Bio-Blended Low Sulphur Marine Gas Oil,0
2015-03,Marine Fuel Oil,3428.98
2015-03,Bio-Blended Marine Fuel Oil,0
2015-03,Low Sulphur Fuel Oil,0.15
2015-03,Bio-Blended Low Sulphur Fuel Oil,0
2015-03,Ultra Low Sulphur Fuel Oil,0
2015-03,Bio-Blended Ultra Low Sulphur Fuel Oil,0
2015-03,B100,0
2015-03,LNG,0
2015-03,Methanol,0
2015-03,Ammonia,0
2015-04,Marine Diesel Oil,0.07
2015-04,Bio-Blended Marine Diesel Oil,0
2015-04,Marine Gas Oil,81.62
2015-04,Bio-Blended Marine Gas Oil,0
2015-04,Low Sulphur Marine Gas Oil,61.54
2015-04,Bio-Blended Low Sulphur Marine Gas Oil,0
2015-04,Marine Fuel Oil,3518.87
2015-04,Bio-Blended Marine Fuel Oil,0
2015-04,Low Sulphur Fuel Oil,3.77
2015-04,Bio-Blended Low Sulphur Fuel Oil,0
2015-04,Ultra Low Sulphur Fuel Oil,0
2015-04,Bio-Blended Ultra Low Sulphur Fuel Oil,0
2015-04,B100,0
2015-04,LNG,0
2015-04,Methanol,0
2015-04,Ammonia,0
2015-05,Marine Diesel Oil,0.18
2015-05,Bio-Blended Marine Diesel Oil,0
2015-05,Marine Gas Oil,79.47
2015-05,Bio-Blended Marine Gas Oil,0
2015-05,Low Sulphur Marine Gas Oil,64.77
2015-05,Bio-Blended Low Sulphur Marine Gas Oil,0
2015-05,Marine Fuel Oil,3562.52
2015-05,Bio-Blended Marine Fuel Oil,0
2015-05,Low Sulphur Fuel Oil,0.24
2015-05,Bio-Blended Low Sulphur Fuel Oil,0
2015-05,Ultra Low Sulphur Fuel Oil,0
2015-05,Bio-Blended Ultra Low Sulphur Fuel Oil,0
2015-05,B100,0
2015-05,LNG,0
2015-05,Methanol,0
2015-05,Ammonia,0
2015-06,Marine Diesel Oil,0.03
2015-06,Bio-Blended Marine Diesel Oil,0
2015-06,Marine Gas Oil,70.14
2015-06,Bio-Blended Marine Gas Oil,0
2015-06,Low Sulphur Marine Gas Oil,63.75
2015-06,Bio-Blended Low Sulphur Marine Gas Oil,0
2015-06,Marine Fuel Oil,3401.25
2015-06,Bio-Blended Marine Fuel Oil,0
2015-06,Low Sulphur Fuel Oil,0.83
2015-06,Bio-Blended Low Sulphur Fuel Oil,0
2015-06,Ultra Low Sulphur Fuel Oil,0
2015-06,Bio-Blended Ultra Low Sulphur Fuel Oil,0
2015-06,B100,0
2015-06,LNG,0
2015-06,Methanol,0
2015-06,Ammonia,0
2015-07,Marine Diesel Oil,0.11
2015-07,Bio-Blended Marine Diesel Oil,0
2015-07,Marine Gas Oil,77.01
2015-07,Bio-Blended Marine Gas Oil,0
2015-07,Low Sulphur Marine Gas Oil,57.9
2015-07,Bio-Blended Low Sulphur Marine Gas Oil,0
2015-07,Marine Fuel Oil,3650.24
2015-07,Bio-Blended Marine Fuel Oil,0
2015-07,Low Sulphur Fuel Oil,0
2015-07,Bio-Blended Low Sulphur Fuel Oil,0
2015-07,Ultra Low Sulphur Fuel Oil,0
2015-07,Bio-Blended Ultra Low Sulphur Fuel Oil,0
2015-07,B100,0
2015-07,LNG,0
2015-07,Methanol,0
2015-07,Ammonia,0
2015-08,Marine Diesel Oil,0.07
2015-08,Bio-Blended Marine Diesel Oil,0
2015-08,Marine Gas Oil,70.44
2015-08,Bio-Blended Marine Gas Oil,0
2015-08,Low Sulphur Marine Gas Oil,71.32
2015-08,Bio-Blended Low Sulphur Marine Gas Oil,0
2015-08,Marine Fuel Oil,4143.62
2015-08,Bio-Blended Marine Fuel Oil,0
2015-08,Low Sulphur Fuel Oil,2.31
2015-08,Bio-Blended Low Sulphur Fuel Oil,0
2015-08,Ultra Low Sulphur Fuel Oil,0
2015-08,Bio-Blended Ultra Low Sulphur Fuel Oil,0
2015-08,B100,0
2015-08,LNG,0
2015-08,Methanol,0
2015-08,Ammonia,0
2015-09,Marine Diesel Oil,0.1
2015-09,Bio-Blended Marine Diesel Oil,0
2015-09,Marine Gas Oil,84.64
2015-09,Bio-Blended Marine Gas Oil,0
2015-09,Low Sulphur Marine Gas Oil,63.84
2015-09,Bio-Blended Low Sulphur Marine Gas Oil,0
2015-09,Marine Fuel Oil,3696.53
2015-09,Bio-Blended Marine Fuel Oil,0
2015-09,Low Sulphur Fuel Oil,2.62
2015-09,Bio-Blended Low Sulphur Fuel Oil,0
2015-09,Ultra Low Sulphur Fuel Oil,0
2015-09,Bio-Blended Ultra Low Sulphur Fuel Oil,0
2015-09,B100,0
2015-09,LNG,0
2015-09,Methanol,0
2015-09,Ammonia,0
2015-10,Marine Diesel Oil,0.25
2015-10,Bio-Blended Marine Diesel Oil,0
2015-10,Marine Gas Oil,87.22
2015-10,Bio-Blended Marine Gas Oil,0
2015-10,Low Sulphur Marine Gas Oil,62.19
2015-10,Bio-Blended Low Sulphur Marine Gas Oil,0
2015-10,Marine Fuel Oil,3485.04
2015-10,Bio-Blended Marine Fuel Oil,0
2015-10,Low Sulphur Fuel Oil,2.31
2015-10,Bio-Blended Low Sulphur Fuel Oil,0
2015-10,Ultra Low Sulphur Fuel Oil,0
2015-10,Bio-Blended Ultra Low Sulphur Fuel Oil,0
2015-10,B100,0
2015-10,LNG,0
2015-10,Methanol,0
2015-10,Ammonia,0
2015-11,Marine Diesel Oil,0.06
2015-11,Bio-Blended Marine Diesel Oil,0
2015-11,Marine Gas Oil,68.06
2015-11,Bio-Blended Marine Gas Oil,0
2015-11,Low Sulphur Marine Gas Oil,60.66
2015-11,Bio-Blended Low Sulphur Marine Gas Oil,0
2015-11,Marine Fuel Oil,3850.22
2015-11,Bio-Blended Marine Fuel Oil,0
2015-11,Low Sulphur Fuel Oil,5.01
2015-11,Bio-Blended Low Sulphur Fuel Oil,0
2015-11,Ultra Low Sulphur Fuel Oil,0
2015-11,Bio-Blended Ultra Low Sulphur Fuel Oil,0
2015-11,B100,0
2015-11,LNG,0
2015-11,Methanol,0
2015-11,Ammonia,0
2015-12,Marine Diesel Oil,0.09
2015-12,Bio-Blended Marine Diesel Oil,0
2015-12,Marine Gas Oil,64.18
2015-12,Bio-Blended Marine Gas Oil,0
2015-12,Low Sulphur Marine Gas Oil,65.14
2015-12,Bio-Blended Low Sulphur Marine Gas Oil,0
2015-12,Marine Fuel Oil,3915.7
2015-12,Bio-Blended Marine Fuel Oil,0
2015-12,Low Sulphur Fuel Oil,6.09
2015-12,Bio-Blended Low Sulphur Fuel Oil,0
2015-12,Ultra Low Sulphur Fuel Oil,0
2015-12,Bio-Blended Ultra Low Sulphur Fuel Oil,0
2015-12,B100,0
2015-12,LNG,0
2015-12,Methanol,0
2015-12,Ammonia,0
2016-01,Marine Diesel Oil,0.06
2016-01,Bio-Blended Marine Diesel Oil,0
2016-01,Marine Gas Oil,76.43
2016-01,Bio-Blended Marine Gas Oil,0
2016-01,Low Sulphur Marine Gas Oil,84.51
2016-01,Bio-Blended Low Sulphur Marine Gas Oil,0
2016-01,Marine Fuel Oil,3993.49
2016-01,Bio-Blended Marine Fuel Oil,0
2016-01,Low Sulphur Fuel Oil,9.98
2016-01,Bio-Blended Low Sulphur Fuel Oil,0
2016-01,Ultra Low Sulphur Fuel Oil,0
2016-01,Bio-Blended Ultra Low Sulphur Fuel Oil,0
2016-01,B100,0
2016-01,LNG,0
2016-01,Methanol,0
2016-01,Ammonia,0
2016-02,Marine Diesel Oil,0.21
2016-02,Bio-Blended Marine Diesel Oil,0
2016-02,Marine Gas Oil,62.56
2016-02,Bio-Blended Marine Gas Oil,0
2016-02,Low Sulphur Marine Gas Oil,82.6
2016-02,Bio-Blended Low Sulphur Marine Gas Oil,0
2016-02,Marine Fuel Oil,3353.11
2016-02,Bio-Blended Marine Fuel Oil,0
2016-02,Low Sulphur Fuel Oil,11.5
2016-02,Bio-Blended Low Sulphur Fuel Oil,0
2016-02,Ultra Low Sulphur Fuel Oil,0
2016-02,Bio-Blended Ultra Low Sulphur Fuel Oil,0
2016-02,B100,0
2016-02,LNG,0
2016-02,Methanol,0
2016-02,Ammonia,0
2016-03,Marine Diesel Oil,0.14
2016-03,Bio-Blended Marine Diesel Oil,0
2016-03,Marine Gas Oil,78.2
2016-03,Bio-Blended Marine Gas Oil,0
2016-03,Low Sulphur Marine Gas Oil,87.52
2016-03,Bio-Blended Low Sulphur Marine Gas Oil,0
2016-03,Marine Fuel Oil,3972.23
2016-03,Bio-Blended Marine Fuel Oil,0
2016-03,Low Sulphur Fuel Oil,11.75
2016-03,Bio-Blended Low Sulphur Fuel Oil,0
2016-03,Ultra Low Sulphur Fuel Oil,0
2016-03,Bio-Blended Ultra Low Sulphur Fuel Oil,0
2016-03,B100,0
2016-03,LNG,0
2016-03,Methanol,0
2016-03,Ammonia,0
2016-04,Marine Diesel Oil,0
2016-04,Bio-Blended Marine Diesel Oil,0
2016-04,Marine Gas Oil,91.01
2016-04,Bio-Blended Marine Gas Oil,0
2016-04,Low Sulphur Marine Gas Oil,127.63
2016-04,Bio-Blended Low Sulphur Marine Gas Oil,0
2016-04,Marine Fuel Oil,3878.85
2016-04,Bio-Blended Marine Fuel Oil,0
2016-04,Low Sulphur Fuel Oil,12.21
2016-04,Bio-Blended Low Sulphur Fuel Oil,0
2016-04,Ultra Low Sulphur Fuel Oil,0
2016-04,Bio-Blended Ultra Low Sulphur Fuel Oil,0
2016-04,B100,0
2016-04,LNG,0
2016-04,Methanol,0
2016-04,Ammonia,0
2016-05,Marine Diesel Oil,0
2016-05,Bio-Blended Marine Diesel Oil,0
2016-05,Marine Gas Oil,81.56
2016-05,Bio-Blended Marine Gas Oil,0
2016-05,Low Sulphur Marine Gas Oil,101.31
2016-05,Bio-Blended Low Sulphur Marine Gas Oil,0
2016-05,Marine Fuel Oil,4173.08
2016-05,Bio-Blended Marine Fuel Oil,0
2016-05,Low Sulphur Fuel Oil,7.73
2016-05,Bio-Blended Low Sulphur Fuel Oil,0
2016-05,Ultra Low Sulphur Fuel Oil,0
2016-05,Bio-Blended Ultra Low Sulphur Fuel Oil,0
2016-05,B100,0
2016-05,LNG,0
2016-05,Methanol,0
2016-05,Ammonia,0
2016-06,Marine Diesel Oil,0.04
2016-06,Bio-Blended Marine Diesel Oil,0
2016-06,Marine Gas Oil,68.05
2016-06,Bio-Blended Marine Gas Oil,0
2016-06,Low Sulphur Marine Gas Oil,85.61
2016-06,Bio-Blended Low Sulphur Marine Gas Oil,0
2016-06,Marine Fuel Oil,3921.41
2016-06,Bio-Blended Marine Fuel Oil,0
2016-06,Low Sulphur Fuel Oil,11.77
2016-06,Bio-Blended Low Sulphur Fuel Oil,0
2016-06,Ultra Low Sulphur Fuel Oil,0
2016-06,Bio-Blended Ultra Low Sulphur Fuel Oil,0
2016-06,B100,0
2016-06,LNG,0
2016-06,Methanol,0
2016-06,Ammonia,0
2016-07,Marine Diesel Oil,0
2016-07,Bio-Blended Marine Diesel Oil,0
2016-07,Marine Gas Oil,67.5
2016-07,Bio-Blended Marine Gas Oil,0
2016-07,Low Sulphur Marine Gas Oil,92.2
2016-07,Bio-Blended Low Sulphur Marine Gas Oil,0
2016-07,Marine Fuel Oil,3944.93
2016-07,Bio-Blended Marine Fuel Oil,0
2016-07,Low Sulphur Fuel Oil,10.4
2016-07,Bio-Blended Low Sulphur Fuel Oil,0
2016-07,Ultra Low Sulphur Fuel Oil,0
2016-07,Bio-Blended Ultra Low Sulphur Fuel Oil,0
2016-07,B100,0
2016-07,LNG,0
2016-07,Methanol,0
2016-07,Ammonia,0
2016-08,Marine Diesel Oil,0
2016-08,Bio-Blended Marine Diesel Oil,0
2016-08,Marine Gas Oil,68.7
2016-08,Bio-Blended Marine Gas Oil,0
2016-08,Low Sulphur Marine Gas Oil,86.02
2016-08,Bio-Blended Low Sulphur Marine Gas Oil,0
2016-08,Marine Fuel Oil,4063.41
2016-08,Bio-Blended Marine Fuel Oil,0
2016-08,Low Sulphur Fuel Oil,9.92
2016-08,Bio-Blended Low Sulphur Fuel Oil,0
2016-08,Ultra Low Sulphur Fuel Oil,0
2016-08,Bio-Blended Ultra Low Sulphur Fuel Oil,0
2016-08,B100,0
2016-08,LNG,0
2016-08,Methanol,0
2016-08,Ammonia,0
2016-09,Marine Diesel Oil,0.01
2016-09,Bio-Blended Marine Diesel Oil,0
2016-09,Marine Gas Oil,68.6
2016-09,Bio-Blended Marine Gas Oil,0
2016-09,Low Sulphur Marine Gas Oil,96.06
2016-09,Bio-Blended Low Sulphur Marine Gas Oil,0
2016-09,Marine Fuel Oil,3656.81
2016-09,Bio-Blended Marine Fuel Oil,0
2016-09,Low Sulphur Fuel Oil,9.56
2016-09,Bio-Blended Low Sulphur Fuel Oil,0
2016-09,Ultra Low Sulphur Fuel Oil,0
2016-09,Bio-Blended Ultra Low Sulphur Fuel Oil,0
2016-09,B100,0
2016-09,LNG,0
2016-09,Methanol,0
2016-09,Ammonia,0
2016-10,Marine Diesel Oil,0
2016-10,Bio-Blended Marine Diesel Oil,0
2016-10,Marine Gas Oil,71.94
2016-10,Bio-Blended Marine Gas Oil,0
2016-10,Low Sulphur Marine Gas Oil,103.3
2016-10,Bio-Blended Low Sulphur Marine Gas Oil,0
2016-10,Marine Fuel Oil,3826.26
2016-10,Bio-Blended Marine Fuel Oil,0
2016-10,Low Sulphur Fuel Oil,7.26
2016-10,Bio-Blended Low Sulphur Fuel Oil,0
2016-10,Ultra Low Sulphur Fuel Oil,0
2016-10,Bio-Blended Ultra Low Sulphur Fuel Oil,0
2016-10,B100,0
2016-10,LNG,0
2016-10,Methanol,0
2016-10,Ammonia,0
2016-11,Marine Diesel Oil,0
2016-11,Bio-Blended Marine Diesel Oil,0
2016-11,Marine Gas Oil,61.82
2016-11,Bio-Blended Marine Gas Oil,0
2016-11,Low Sulphur Marine Gas Oil,96.6
2016-11,Bio-Blended Low Sulphur Marine Gas Oil,0
2016-11,Marine Fuel Oil,3971.72
2016-11,Bio-Blended Marine Fuel Oil,0
2016-11,Low Sulphur Fuel Oil,12.09
2016-11,Bio-Blended Low Sulphur Fuel Oil,0
2016-11,Ultra Low Sulphur Fuel Oil,0
2016-11,Bio-Blended Ultra Low Sulphur Fuel Oil,0
2016-11,B100,0
2016-11,LNG,0
2016-11,Methanol,0
2016-11,Ammonia,0
2016-12,Marine Diesel Oil,0
2016-12,Bio-Blended Marine Diesel Oil,0
2016-12,Marine Gas Oil,57.08
2016-12,Bio-Blended Marine Gas Oil,0
2016-12,Low Sulphur Marine Gas Oil,93.4
2016-12,Bio-Blended Low Sulphur Marine Gas Oil,0
2016-12,Marine Fuel Oil,3740.92
2016-12,Bio-Blended Marine Fuel Oil,0
2016-12,Low Sulphur Fuel Oil,13.48
2016-12,Bio-Blended Low Sulphur Fuel Oil,0
2016-12,Ultra Low Sulphur Fuel Oil,0
2016-12,Bio-Blended Ultra Low Sulphur Fuel Oil,0
2016-12,B100,0
2016-12,LNG,0
2016-12,Methanol,0
2016-12,Ammonia,0
2017-01,Marine Diesel Oil,0.07
2017-01,Bio-Blended Marine Diesel Oil,0
2017-01,Marine Gas Oil,61.98
2017-01,Bio-Blended Marine Gas Oil,0
2017-01,Low Sulphur Marine Gas Oil,117.82
2017-01,Bio-Blended Low Sulphur Marine Gas Oil,0
2017-01,Marine Fuel Oil,4267.87
2017-01,Bio-Blended Marine Fuel Oil,0
2017-01,Low Sulphur Fuel Oil,14.44
2017-01,Bio-Blended Low Sulphur Fuel Oil,0
2017-01,Ultra Low Sulphur Fuel Oil,0
2017-01,Bio-Blended Ultra Low Sulphur Fuel Oil,0
2017-01,B100,0
2017-01,LNG,0
2017-01,Methanol,0
2017-01,Ammonia,0
2017-02,Marine Diesel Oil,0
2017-02,Bio-Blended Marine Diesel Oil,0
2017-02,Marine Gas Oil,68.1
2017-02,Bio-Blended Marine Gas Oil,0
2017-02,Low Sulphur Marine Gas Oil,102.31
2017-02,Bio-Blended Low Sulphur Marine Gas Oil,0
2017-02,Marine Fuel Oil,3660.28
2017-02,Bio-Blended Marine Fuel Oil,0
2017-02,Low Sulphur Fuel Oil,15.67
2017-02,Bio-Blended Low Sulphur Fuel Oil,0
2017-02,Ultra Low Sulphur Fuel Oil,0
2017-02,Bio-Blended Ultra Low Sulphur Fuel Oil,0
2017-02,B100,0
2017-02,LNG,0
2017-02,Methanol,0
2017-02,Ammonia,0
2017-03,Marine Diesel Oil,0
2017-03,Bio-Blended Marine Diesel Oil,0
2017-03,Marine Gas Oil,70.76
2017-03,Bio-Blended Marine Gas Oil,0
2017-03,Low Sulphur Marine Gas Oil,114.32
2017-03,Bio-Blended Low Sulphur Marine Gas Oil,0
2017-03,Marine Fuel Oil,4144.37
2017-03,Bio-Blended Marine Fuel Oil,0
2017-03,Low Sulphur Fuel Oil,12.43
2017-03,Bio-Blended Low Sulphur Fuel Oil,0
2017-03,Ultra Low Sulphur Fuel Oil,0
2017-03,Bio-Blended Ultra Low Sulphur Fuel Oil,0
2017-03,B100,0
2017-03,LNG,0
2017-03,Methanol,0
2017-03,Ammonia,0
2017-04,Marine Diesel Oil,0
2017-04,Bio-Blended Marine Diesel Oil,0
2017-04,Marine Gas Oil,57.5
2017-04,Bio-Blended Marine Gas Oil,0
2017-04,Low Sulphur Marine Gas Oil,101.93
2017-04,Bio-Blended Low Sulphur Marine Gas Oil,0
2017-04,Marine Fuel Oil,4085.18
2017-04,Bio-Blended Marine Fuel Oil,0
2017-04,Low Sulphur Fuel Oil,8.7
2017-04,Bio-Blended Low Sulphur Fuel Oil,0
2017-04,Ultra Low Sulphur Fuel Oil,0
2017-04,Bio-Blended Ultra Low Sulphur Fuel Oil,0
2017-04,B100,0
2017-04,LNG,0
2017-04,Methanol,0
2017-04,Ammonia,0
2017-05,Marine Diesel Oil,0
2017-05,Bio-Blended Marine Diesel Oil,0
2017-05,Marine Gas Oil,62.78
2017-05,Bio-Blended Marine Gas Oil,0
2017-05,Low Sulphur Marine Gas Oil,102.6
2017-05,Bio-Blended Low Sulphur Marine Gas Oil,0
2017-05,Marine Fuel Oil,4003.58
2017-05,Bio-Blended Marine Fuel Oil,0
2017-05,Low Sulphur Fuel Oil,11.62
2017-05,Bio-Blended Low Sulphur Fuel Oil,0
2017-05,Ultra Low Sulphur Fuel Oil,0
2017-05,Bio-Blended Ultra Low Sulphur Fuel Oil,0
2017-05,B100,0
2017-05,LNG,0
2017-05,Methanol,0
2017-05,Ammonia,0
2017-06,Marine Diesel Oil,0
2017-06,Bio-Blended Marine Diesel Oil,0
2017-06,Marine Gas Oil,49.59
2017-06,Bio-Blended Marine Gas Oil,0
2017-06,Low Sulphur Marine Gas Oil,99.44
2017-06,Bio-Blended Low Sulphur Marine Gas Oil,0
2017-06,Marine Fuel Oil,3675.95
2017-06,Bio-Blended Marine Fuel Oil,0
2017-06,Low Sulphur Fuel Oil,11.28
2017-06,Bio-Blended Low Sulphur Fuel Oil,0
2017-06,Ultra Low Sulphur Fuel Oil,0
2017-06,Bio-Blended Ultra Low Sulphur Fuel Oil,0
2017-06,B100,0
2017-06,LNG,0.72
2017-06,Methanol,0
2017-06,Ammonia,0
2017-07,Marine Diesel Oil,0
2017-07,Bio-Blended Marine Diesel Oil,0
2017-07,Marine Gas Oil,57.65
2017-07,Bio-Blended Marine Gas Oil,0
2017-07,Low Sulphur Marine Gas Oil,104.3
2017-07,Bio-Blended Low Sulphur Marine Gas Oil,0
2017-07,Marine Fuel Oil,4223.71
2017-07,Bio-Blended Marine Fuel Oil,0
2017-07,Low Sulphur Fuel Oil,8.02
2017-07,Bio-Blended Low Sulphur Fuel Oil,0
2017-07,Ultra Low Sulphur Fuel Oil,0
2017-07,Bio-Blended Ultra Low Sulphur Fuel Oil,0
2017-07,B100,0
2017-07,LNG,0.01
2017-07,Methanol,0
2017-07,Ammonia,0
2017-08,Marine Diesel Oil,0
2017-08,Bio-Blended Marine Diesel Oil,0
2017-08,Marine Gas Oil,60.55
2017-08,Bio-Blended Marine Gas Oil,0
2017-08,Low Sulphur Marine Gas Oil,109.6
2017-08,Bio-Blended Low Sulphur Marine Gas Oil,0
2017-08,Marine Fuel Oil,4185.94
2017-08,Bio-Blended Marine Fuel Oil,0
2017-08,Low Sulphur Fuel Oil,7.55
2017-08,Bio-Blended Low Sulphur Fuel Oil,0
2017-08,Ultra Low Sulphur Fuel Oil,0
2017-08,Bio-Blended Ultra Low Sulphur Fuel Oil,0
2017-08,B100,0
2017-08,LNG,0.04
2017-08,Methanol,0
2017-08,Ammonia,0
2017-09,Marine Diesel Oil,0
2017-09,Bio-Blended Marine Diesel Oil,0
2017-09,Marine Gas Oil,55.51
2017-09,Bio-Blended Marine Gas Oil,0
2017-09,Low Sulphur Marine Gas Oil,109.84
2017-09,Bio-Blended Low Sulphur Marine Gas Oil,0
2017-09,Marine Fuel Oil,4160.13
2017-09,Bio-Blended Marine Fuel Oil,0
2017-09,Low Sulphur Fuel Oil,15.57
2017-09,Bio-Blended Low Sulphur Fuel Oil,0
2017-09,Ultra Low Sulphur Fuel Oil,0
2017-09,Bio-Blended Ultra Low Sulphur Fuel Oil,0
2017-09,B100,0
2017-09,LNG,0.04
2017-09,Methanol,0
2017-09,Ammonia,0
2017-10,Marine Diesel Oil,0
2017-10,Bio-Blended Marine Diesel Oil,0
2017-10,Marine Gas Oil,64.45
2017-10,Bio-Blended Marine Gas Oil,0
2017-10,Low Sulphur Marine Gas Oil,97.31
2017-10,Bio-Blended Low Sulphur Marine Gas Oil,0
2017-10,Marine Fuel Oil,3830.24
2017-10,Bio-Blended Marine Fuel Oil,0
2017-10,Low Sulphur Fuel Oil,13.28
2017-10,Bio-Blended Low Sulphur Fuel Oil,0
2017-10,Ultra Low Sulphur Fuel Oil,0
2017-10,Bio-Blended Ultra Low Sulphur Fuel Oil,0
2017-10,B100,0
2017-10,LNG,0
2017-10,Methanol,0
2017-10,Ammonia,0
2017-11,Marine Diesel Oil,0
2017-11,Bio-Blended Marine Diesel Oil,0
2017-11,Marine Gas Oil,56.92
2017-11,Bio-Blended Marine Gas Oil,0
2017-11,Low Sulphur Marine Gas Oil,107.56
2017-11,Bio-Blended Low Sulphur Marine Gas Oil,0
2017-11,Marine Fuel Oil,4135.36
2017-11,Bio-Blended Marine Fuel Oil,0
2017-11,Low Sulphur Fuel Oil,15.79
2017-11,Bio-Blended Low Sulphur Fuel Oil,0
2017-11,Ultra Low Sulphur Fuel Oil,0
2017-11,Bio-Blended Ultra Low Sulphur Fuel Oil,0
2017-11,B100,0
2017-11,LNG,0
2017-11,Methanol,0
2017-11,Ammonia,0
2017-12,Marine Diesel Oil,0
2017-12,Bio-Blended Marine Diesel Oil,0
2017-12,Marine Gas Oil,70.31
2017-12,Bio-Blended Marine Gas Oil,0
2017-12,Low Sulphur Marine Gas Oil,118.07
2017-12,Bio-Blended Low Sulphur Marine Gas Oil,0
2017-12,Marine Fuel Oil,4096.87
2017-12,Bio-Blended Marine Fuel Oil,0
2017-12,Low Sulphur Fuel Oil,11.33
2017-12,Bio-Blended Low Sulphur Fuel Oil,0
2017-12,Ultra Low Sulphur Fuel Oil,0
2017-12,Bio-Blended Ultra Low Sulphur Fuel Oil,0
2017-12,B100,0
2017-12,LNG,0
2017-12,Methanol,0
2017-12,Ammonia,0
2018-01,Marine Diesel Oil,0
2018-01,Bio-Blended Marine Diesel Oil,0
2018-01,Marine Gas Oil,68.18
2018-01,Bio-Blended Marine Gas Oil,0
2018-01,Low Sulphur Marine Gas Oil,115.09
2018-01,Bio-Blended Low Sulphur Marine Gas Oil,0
2018-01,Marine Fuel Oil,4395.9
2018-01,Bio-Blended Marine Fuel Oil,0
2018-01,Low Sulphur Fuel Oil,26.41
2018-01,Bio-Blended Low Sulphur Fuel Oil,0
2018-01,Ultra Low Sulphur Fuel Oil,0
2018-01,Bio-Blended Ultra Low Sulphur Fuel Oil,0
2018-01,B100,0
2018-01,LNG,0
2018-01,Methanol,0
2018-01,Ammonia,0
2018-02,Marine Diesel Oil,0
2018-02,Bio-Blended Marine Diesel Oil,0
2018-02,Marine Gas Oil,54.65
2018-02,Bio-Blended Marine Gas Oil,0
2018-02,Low Sulphur Marine Gas Oil,127.62
2018-02,Bio-Blended Low Sulphur Marine Gas Oil,0
2018-02,Marine Fuel Oil,3929.16
2018-02,Bio-Blended Marine Fuel Oil,0
2018-02,Low Sulphur Fuel Oil,24.43
2018-02,Bio-Blended Low Sulphur Fuel Oil,0
2018-02,Ultra Low Sulphur Fuel Oil,0
2018-02,Bio-Blended Ultra Low Sulphur Fuel Oil,0
2018-02,B100,0
2018-02,LNG,0
2018-02,Methanol,0
2018-02,Ammonia,0
2018-03,Marine Diesel Oil,0
2018-03,Bio-Blended Marine Diesel Oil,0
2018-03,Marine Gas Oil,61.46
2018-03,Bio-Blended Marine Gas Oil,0
2018-03,Low Sulphur Marine Gas Oil,119.22
2018-03,Bio-Blended Low Sulphur Marine Gas Oil,0
2018-03,Marine Fuel Oil,3975.73
2018-03,Bio-Blended Marine Fuel Oil,0
2018-03,Low Sulphur Fuel Oil,11.92
2018-03,Bio-Blended Low Sulphur Fuel Oil,0
2018-03,Ultra Low Sulphur Fuel Oil,0
2018-03,Bio-Blended Ultra Low Sulphur Fuel Oil,0
2018-03,B100,0
2018-03,LNG,0
2018-03,Methanol,0
2018-03,Ammonia,0
2018-04,Marine Diesel Oil,0
2018-04,Bio-Blended Marine Diesel Oil,0
2018-04,Marine Gas Oil,64.36
2018-04,Bio-Blended Marine Gas Oil,0
2018-04,Low Sulphur Marine Gas Oil,126.08
2018-04,Bio-Blended Low Sulphur Marine Gas Oil,0
2018-04,Marine Fuel Oil,4022.61
2018-04,Bio-Blended Marine Fuel Oil,0
2018-04,Low Sulphur Fuel Oil,20.29
2018-04,Bio-Blended Low Sulphur Fuel Oil,0
2018-04,Ultra Low Sulphur Fuel Oil,0
2018-04,Bio-Blended Ultra Low Sulphur Fuel Oil,0
2018-04,B100,0
2018-04,LNG,0
2018-04,Methanol,0
2018-04,Ammonia,0
2018-05,Marine Diesel Oil,0
2018-05,Bio-Blended Marine Diesel Oil,0
2018-05,Marine Gas Oil,62.61
2018-05,Bio-Blended Marine Gas Oil,0
2018-05,Low Sulphur Marine Gas Oil,109.81
2018-05,Bio-Blended Low Sulphur Marine Gas Oil,0
2018-05,Marine Fuel Oil,4095.59
2018-05,Bio-Blended Marine Fuel Oil,0
2018-05,Low Sulphur Fuel Oil,15.48
2018-05,Bio-Blended Low Sulphur Fuel Oil,0
2018-05,Ultra Low Sulphur Fuel Oil,0
2018-05,Bio-Blended Ultra Low Sulphur Fuel Oil,0
2018-05,B100,0
2018-05,LNG,0
2018-05,Methanol,0
2018-05,Ammonia,0
2018-06,Marine Diesel Oil,0
2018-06,Bio-Blended Marine Diesel Oil,0
2018-06,Marine Gas Oil,55.06
2018-06,Bio-Blended Marine Gas Oil,0
2018-06,Low Sulphur Marine Gas Oil,107.5
2018-06,Bio-Blended Low Sulphur Marine Gas Oil,0
2018-06,Marine Fuel Oil,3727.34
2018-06,Bio-Blended Marine Fuel Oil,0
2018-06,Low Sulphur Fuel Oil,32.4
2018-06,Bio-Blended Low Sulphur Fuel Oil,0
2018-06,Ultra Low Sulphur Fuel Oil,0
2018-06,Bio-Blended Ultra Low Sulphur Fuel Oil,0
2018-06,B100,0
2018-06,LNG,0
2018-06,Methanol,0
2018-06,Ammonia,0
2018-07,Marine Diesel Oil,0
2018-07,Bio-Blended Marine Diesel Oil,0
2018-07,Marine Gas Oil,50.32
2018-07,Bio-Blended Marine Gas Oil,0
2018-07,Low Sulphur Marine Gas Oil,100.22
2018-07,Bio-Blended Low Sulphur Marine Gas Oil,0
2018-07,Marine Fuel Oil,3853.09
2018-07,Bio-Blended Marine Fuel Oil,0
2018-07,Low Sulphur Fuel Oil,32.19
2018-07,Bio-Blended Low Sulphur Fuel Oil,0
2018-07,Ultra Low Sulphur Fuel Oil,0
2018-07,Bio-Blended Ultra Low Sulphur Fuel Oil,0
2018-07,B100,0
2018-07,LNG,0
2018-07,Methanol,0
2018-07,Ammonia,0
2018-08,Marine Diesel Oil,0
2018-08,Bio-Blended Marine Diesel Oil,0
2018-08,Marine Gas Oil,49.28
2018-08,Bio-Blended Marine Gas Oil,0
2018-08,Low Sulphur Marine Gas Oil,125.72
2018-08,Bio-Blended Low Sulphur Marine Gas Oil,0
2018-08,Marine Fuel Oil,3766.18
2018-08,Bio-Blended Marine Fuel Oil,0
2018-08,Low Sulphur Fuel Oil,21.75
2018-08,Bio-Blended Low Sulphur Fuel Oil,0
2018-08,Ultra Low Sulphur Fuel Oil,0
2018-08,Bio-Blended Ultra Low Sulphur Fuel Oil,0
2018-08,B100,0
2018-08,LNG,0
2018-08,Methanol,0
2018-08,Ammonia,0
2018-09,Marine Diesel Oil,0
2018-09,Bio-Blended Marine Diesel Oil,0
2018-09,Marine Gas Oil,60.05
2018-09,Bio-Blended Marine Gas Oil,0
2018-09,Low Sulphur Marine Gas Oil,133.18
2018-09,Bio-Blended Low Sulphur Marine Gas Oil,0
2018-09,Marine Fuel Oil,3887.48
2018-09,Bio-Blended Marine Fuel Oil,0
2018-09,Low Sulphur Fuel Oil,31.34
2018-09,Bio-Blended Low Sulphur Fuel Oil,0
2018-09,Ultra Low Sulphur Fuel Oil,0
2018-09,Bio-Blended Ultra Low Sulphur Fuel Oil,0
2018-09,B100,0
2018-09,LNG,0
2018-09,Methanol,0
2018-09,Ammonia,0
2018-10,Marine Diesel Oil,0
2018-10,Bio-Blended Marine Diesel Oil,0
2018-10,Marine Gas Oil,73.71
2018-10,Bio-Blended Marine Gas Oil,0
2018-10,Low Sulphur Marine Gas Oil,143.2
2018-10,Bio-Blended Low Sulphur Marine Gas Oil,0
2018-10,Marine Fuel Oil,3872.3
2018-10,Bio-Blended Marine Fuel Oil,0
2018-10,Low Sulphur Fuel Oil,36.02
2018-10,Bio-Blended Low Sulphur Fuel Oil,0
2018-10,Ultra Low Sulphur Fuel Oil,0
2018-10,Bio-Blended Ultra Low Sulphur Fuel Oil,0
2018-10,B100,0
2018-10,LNG,0
2018-10,Methanol,0
2018-10,Ammonia,0
2018-11,Marine Diesel Oil,0
2018-11,Bio-Blended Marine Diesel Oil,0
2018-11,Marine Gas Oil,59.82
2018-11,Bio-Blended Marine Gas Oil,0
2018-11,Low Sulphur Marine Gas Oil,140.51
2018-11,Bio-Blended Low Sulphur Marine Gas Oil,0
2018-11,Marine Fuel Oil,3659.57
2018-11,Bio-Blended Marine Fuel Oil,0
2018-11,Low Sulphur Fuel Oil,46.19
2018-11,Bio-Blended Low Sulphur Fuel Oil,0
2018-11,Ultra Low Sulphur Fuel Oil,0
2018-11,Bio-Blended Ultra Low Sulphur Fuel Oil,0
2018-11,B100,0
2018-11,LNG,0
2018-11,Methanol,0
2018-11,Ammonia,0
2018-12,Marine Diesel Oil,0
2018-12,Bio-Blended Marine Diesel Oil,0
2018-12,Marine Gas Oil,87.34
2018-12,Bio-Blended Marine Gas Oil,0
2018-12,Low Sulphur Marine Gas Oil,190.85
2018-12,Bio-Blended Low Sulphur Marine Gas Oil,0
2018-12,Marine Fuel Oil,3996.01
2018-12,Bio-Blended Marine Fuel Oil,0
2018-12,Low Sulphur Fuel Oil,33.56
2018-12,Bio-Blended Low Sulphur Fuel Oil,0
2018-12,Ultra Low Sulphur Fuel Oil,0
2018-12,Bio-Blended Ultra Low Sulphur Fuel Oil,0
2018-12,B100,0
2018-12,LNG,0
2018-12,Methanol,0
2018-12,Ammonia,0
2019-01,Marine Diesel Oil,0
2019-01,Bio-Blended Marine Diesel Oil,0
2019-01,Marine Gas Oil,79.14
2019-01,Bio-Blended Marine Gas Oil,0
2019-01,Low Sulphur Marine Gas Oil,229.51
2019-01,Bio-Blended Low Sulphur Marine Gas Oil,0
2019-01,Marine Fuel Oil,3858.09
2019-01,Bio-Blended Marine Fuel Oil,0
2019-01,Low Sulphur Fuel Oil,32.62
2019-01,Bio-Blended Low Sulphur Fuel Oil,0
2019-01,Ultra Low Sulphur Fuel Oil,0
2019-01,Bio-Blended Ultra Low Sulphur Fuel Oil,0
2019-01,B100,0
2019-01,LNG,0
2019-01,Methanol,0
2019-01,Ammonia,0
2019-02,Marine Diesel Oil,0.76
2019-02,Bio-Blended Marine Diesel Oil,0
2019-02,Marine Gas Oil,69.89
2019-02,Bio-Blended Marine Gas Oil,0
2019-02,Low Sulphur Marine Gas Oil,217.15
2019-02,Bio-Blended Low Sulphur Marine Gas Oil,0
2019-02,Marine Fuel Oil,3449.96
2019-02,Bio-Blended Marine Fuel Oil,0
2019-02,Low Sulphur Fuel Oil,42.6
2019-02,Bio-Blended Low Sulphur Fuel Oil,0
2019-02,Ultra Low Sulphur Fuel Oil,0
2019-02,Bio-Blended Ultra Low Sulphur Fuel Oil,0
2019-02,B100,0
2019-02,LNG,0
2019-02,Methanol,0
2019-02,Ammonia,0
2019-03,Marine Diesel Oil,0
2019-03,Bio-Blended Marine Diesel Oil,0
2019-03,Marine Gas Oil,68.87
2019-03,Bio-Blended Marine Gas Oil,0
2019-03,Low Sulphur Marine Gas Oil,208.54
2019-03,Bio-Blended Low Sulphur Marine Gas Oil,0
2019-03,Marine Fuel Oil,3752.93
2019-03,Bio-Blended Marine Fuel Oil,0
2019-03,Low Sulphur Fuel Oil,60.51
2019-03,Bio-Blended Low Sulphur Fuel Oil,0
2019-03,Ultra Low Sulphur Fuel Oil,0
2019-03,Bio-Blended Ultra Low Sulphur Fuel Oil,0
2019-03,B100,0
2019-03,LNG,0
2019-03,Methanol,0
2019-03,Ammonia,0
2019-04,Marine Diesel Oil,0
2019-04,Bio-Blended Marine Diesel Oil,0
2019-04,Marine Gas Oil,71.05
2019-04,Bio-Blended Marine Gas Oil,0
2019-04,Low Sulphur Marine Gas Oil,196.61
2019-04,Bio-Blended Low Sulphur Marine Gas Oil,0
2019-04,Marine Fuel Oil,3390.34
2019-04,Bio-Blended Marine Fuel Oil,0
2019-04,Low Sulphur Fuel Oil,54.08
2019-04,Bio-Blended Low Sulphur Fuel Oil,0
2019-04,Ultra Low Sulphur Fuel Oil,0
2019-04,Bio-Blended Ultra Low Sulphur Fuel Oil,0
2019-04,B100,0
2019-04,LNG,0.9
2019-04,Methanol,0
2019-04,Ammonia,0
2019-05,Marine Diesel Oil,0
2019-05,Bio-Blended Marine Diesel Oil,0
2019-05,Marine Gas Oil,75.93
2019-05,Bio-Blended Marine Gas Oil,0
2019-05,Low Sulphur Marine Gas Oil,211.95
2019-05,Bio-Blended Low Sulphur Marine Gas Oil,0
2019-05,Marine Fuel Oil,3658.92
2019-05,Bio-Blended Marine Fuel Oil,0
2019-05,Low Sulphur Fuel Oil,59.67
2019-05,Bio-Blended Low Sulphur Fuel Oil,0
2019-05,Ultra Low Sulphur Fuel Oil,0
2019-05,Bio-Blended Ultra Low Sulphur Fuel Oil,0
2019-05,B100,0
2019-05,LNG,0
2019-05,Methanol,0
2019-05,Ammonia,0
2019-06,Marine Diesel Oil,0
2019-06,Bio-Blended Marine Diesel Oil,0
2019-06,Marine Gas Oil,54.88
2019-06,Bio-Blended Marine Gas Oil,0
2019-06,Low Sulphur Marine Gas Oil,230.81
2019-06,Bio-Blended Low Sulphur Marine Gas Oil,0
2019-06,Marine Fuel Oil,3565.82
2019-06,Bio-Blended Marine Fuel Oil,0
2019-06,Low Sulphur Fuel Oil,68.38
2019-06,Bio-Blended Low Sulphur Fuel Oil,0
2019-06,Ultra Low Sulphur Fuel Oil,0
2019-06,Bio-Blended Ultra Low Sulphur Fuel Oil,0
2019-06,B100,0
2019-06,LNG,0
2019-06,Methanol,0
2019-06,Ammonia,0
2019-07,Marine Diesel Oil,0
2019-07,Bio-Blended Marine Diesel Oil,0
2019-07,Marine Gas Oil,51.44
2019-07,Bio-Blended Marine Gas Oil,0
2019-07,Low Sulphur Marine Gas Oil,216.85
2019-07,Bio-Blended Low Sulphur Marine Gas Oil,0
2019-07,Marine Fuel Oil,3545.75
2019-07,Bio-Blended Marine Fuel Oil,0
2019-07,Low Sulphur Fuel Oil,64.2
2019-07,Bio-Blended Low Sulphur Fuel Oil,0
2019-07,Ultra Low Sulphur Fuel Oil,0
2019-07,Bio-Blended Ultra Low Sulphur Fuel Oil,0
2019-07,B100,0
2019-07,LNG,0
2019-07,Methanol,0
2019-07,Ammonia,0
2019-08,Marine Diesel Oil,0
2019-08,Bio-Blended Marine Diesel Oil,0
2019-08,Marine Gas Oil,61.83
2019-08,Bio-Blended Marine Gas Oil,0
2019-08,Low Sulphur Marine Gas Oil,218.49
2019-08,Bio-Blended Low Sulphur Marine Gas Oil,0
2019-08,Marine Fuel Oil,3310.67
2019-08,Bio-Blended Marine Fuel Oil,0
2019-08,Low Sulphur Fuel Oil,77.91
2019-08,Bio-Blended Low Sulphur Fuel Oil,0
2019-08,Ultra Low Sulphur Fuel Oil,0
2019-08,Bio-Blended Ultra Low Sulphur Fuel Oil,0
2019-08,B100,0
2019-08,LNG,0
2019-08,Methanol,0
2019-08,Ammonia,0
2019-09,Marine Diesel Oil,0
2019-09,Bio-Blended Marine Diesel Oil,0
2019-09,Marine Gas Oil,62.05
2019-09,Bio-Blended Marine Gas Oil,0
2019-09,Low Sulphur Marine Gas Oil,284.32
2019-09,Bio-Blended Low Sulphur Marine Gas Oil,0
2019-09,Marine Fuel Oil,3378.53
2019-09,Bio-Blended Marine Fuel Oil,0
2019-09,Low Sulphur Fuel Oil,173.48
2019-09,Bio-Blended Low Sulphur Fuel Oil,0
2019-09,Ultra Low Sulphur Fuel Oil,0
2019-09,Bio-Blended Ultra Low Sulphur Fuel Oil,0
2019-09,B100,0
2019-09,LNG,0
2019-09,Methanol,0
2019-09,Ammonia,0
2019-10,Marine Diesel Oil,0
2019-10,Bio-Blended Marine Diesel Oil,0
2019-10,Marine Gas Oil,51.32
2019-10,Bio-Blended Marine Gas Oil,0
2019-10,Low Sulphur Marine Gas Oil,293.94
2019-10,Bio-Blended Low Sulphur Marine Gas Oil,0
2019-10,Marine Fuel Oil,2852.54
2019-10,Bio-Blended Marine Fuel Oil,0
2019-10,Low Sulphur Fuel Oil,569.87
2019-10,Bio-Blended Low Sulphur Fuel Oil,0
2019-10,Ultra Low Sulphur Fuel Oil,0
2019-10,Bio-Blended Ultra Low Sulphur Fuel Oil,0
2019-10,B100,0
2019-10,LNG,0
2019-10,Methanol,0
2019-10,Ammonia,0
2019-11,Marine Diesel Oil,0
2019-11,Bio-Blended Marine Diesel Oil,0
2019-11,Marine Gas Oil,56.17
2019-11,Bio-Blended Marine Gas Oil,0
2019-11,Low Sulphur Marine Gas Oil,374.37
2019-11,Bio-Blended Low Sulphur Marine Gas Oil,0
2019-11,Marine Fuel Oil,1999.61
2019-11,Bio-Blended Marine Fuel Oil,0
2019-11,Low Sulphur Fuel Oil,1645.49
2019-11,Bio-Blended Low Sulphur Fuel Oil,0
2019-11,Ultra Low Sulphur Fuel Oil,0
2019-11,Bio-Blended Ultra Low Sulphur Fuel Oil,0
2019-11,B100,0
2019-11,LNG,0
2019-11,Methanol,0
2019-11,Ammonia,0
2019-12,Marine Diesel Oil,0
2019-12,Bio-Blended Marine Diesel Oil,0
2019-12,Marine Gas Oil,89.48
2019-12,Bio-Blended Marine Gas Oil,0
2019-12,Low Sulphur Marine Gas Oil,407.34
2019-12,Bio-Blended Low Sulphur Marine Gas Oil,0
2019-12,Marine Fuel Oil,1338.57
2019-12,Bio-Blended Marine Fuel Oil,0
2019-12,Low Sulphur Fuel Oil,2630.31
2019-12,Bio-Blended Low Sulphur Fuel Oil,0
2019-12,Ultra Low Sulphur Fuel Oil,0
2019-12,Bio-Blended Ultra Low Sulphur Fuel Oil,0
2019-12,B100,0
2019-12,LNG,0
2019-12,Methanol,0
2019-12,Ammonia,0
2020-01,Marine Diesel Oil,0
2020-01,Bio-Blended Marine Diesel Oil,0
2020-01,Marine Gas Oil,108.5
2020-01,Bio-Blended Marine Gas Oil,0
2020-01,Low Sulphur Marine Gas Oil,445.89
2020-01,Bio-Blended Low Sulphur Marine Gas Oil,0
2020-01,Marine Fuel Oil,771.75
2020-01,Bio-Blended Marine Fuel Oil,0
2020-01,Low Sulphur Fuel Oil,3111.02
2020-01,Bio-Blended Low Sulphur Fuel Oil,0
2020-01,Ultra Low Sulphur Fuel Oil,77.5
2020-01,Bio-Blended Ultra Low Sulphur Fuel Oil,0
2020-01,B100,0
2020-01,LNG,0
2020-01,Methanol,0
2020-01,Ammonia,0
2020-02,Marine Diesel Oil,0
2020-02,Bio-Blended Marine Diesel Oil,0
2020-02,Marine Gas Oil,86.44
2020-02,Bio-Blended Marine Gas Oil,0
2020-02,Low Sulphur Marine Gas Oil,400.25
2020-02,Bio-Blended Low Sulphur Marine Gas Oil,0
2020-02,Marine Fuel Oil,621.31
2020-02,Bio-Blended Marine Fuel Oil,0
2020-02,Low Sulphur Fuel Oil,2711.96
2020-02,Bio-Blended Low Sulphur Fuel Oil,0
2020-02,Ultra Low Sulphur Fuel Oil,59.76
2020-02,Bio-Blended Ultra Low Sulphur Fuel Oil,0
2020-02,B100,0
2020-02,LNG,0
2020-02,Methanol,0
2020-02,Ammonia,0
2020-03,Marine Diesel Oil,0.2
2020-03,Bio-Blended Marine Diesel Oil,0
2020-03,Marine Gas Oil,52.12
2020-03,Bio-Blended Marine Gas Oil,0
2020-03,Low Sulphur Marine Gas Oil,407.95
2020-03,Bio-Blended Low Sulphur Marine Gas Oil,0
2020-03,Marine Fuel Oil,781.84
2020-03,Bio-Blended Marine Fuel Oil,0
2020-03,Low Sulphur Fuel Oil,3001.57
2020-03,Bio-Blended Low Sulphur Fuel Oil,0
2020-03,Ultra Low Sulphur Fuel Oil,78.61
2020-03,Bio-Blended Ultra Low Sulphur Fuel Oil,0
2020-03,B100,0
2020-03,LNG,0
2020-03,Methanol,0
2020-03,Ammonia,0
2020-04,Marine Diesel Oil,0
2020-04,Bio-Blended Marine Diesel Oil,0
2020-04,Marine Gas Oil,48.43
2020-04,Bio-Blended Marine Gas Oil,0
2020-04,Low Sulphur Marine Gas Oil,372.56
2020-04,Bio-Blended Low Sulphur Marine Gas Oil,0
2020-04,Marine Fuel Oil,771.24
2020-04,Bio-Blended Marine Fuel Oil,0
2020-04,Low Sulphur Fuel Oil,2854.76
2020-04,Bio-Blended Low Sulphur Fuel Oil,0
2020-04,Ultra Low Sulphur Fuel Oil,66.69
2020-04,Bio-Blended Ultra Low Sulphur Fuel Oil,0
2020-04,B100,0
2020-04,LNG,0
2020-04,Methanol,0
2020-04,Ammonia,0
2020-05,Marine Diesel Oil,0
2020-05,Bio-Blended Marine Diesel Oil,0
2020-05,Marine Gas Oil,72.12
2020-05,Bio-Blended Marine Gas Oil,0
2020-05,Low Sulphur Marine Gas Oil,351.41
2020-05,Bio-Blended Low Sulphur Marine Gas Oil,0
2020-05,Marine Fuel Oil,786.76
2020-05,Bio-Blended Marine Fuel Oil,0
2020-05,Low Sulphur Fuel Oil,2656.27
2020-05,Bio-Blended Low Sulphur Fuel Oil,0
2020-05,Ultra Low Sulphur Fuel Oil,58.45
2020-05,Bio-Blended Ultra Low Sulphur Fuel Oil,0
2020-05,B100,0
2020-05,LNG,0
2020-05,Methanol,0
2020-05,Ammonia,0
2020-06,Marine Diesel Oil,0
2020-06,Bio-Blended Marine Diesel Oil,0
2020-06,Marine Gas Oil,56.23
2020-06,Bio-Blended Marine Gas Oil,0
2020-06,Low Sulphur Marine Gas Oil,254.18
2020-06,Bio-Blended Low Sulphur Marine Gas Oil,0
2020-06,Marine Fuel Oil,807.08
2020-06,Bio-Blended Marine Fuel Oil,0
2020-06,Low Sulphur Fuel Oil,2651.79
2020-06,Bio-Blended Low Sulphur Fuel Oil,0
2020-06,Ultra Low Sulphur Fuel Oil,59.76
2020-06,Bio-Blended Ultra Low Sulphur Fuel Oil,0
2020-06,B100,0
2020-06,LNG,0
2020-06,Methanol,0
2020-06,Ammonia,0
2020-07,Marine Diesel Oil,0
2020-07,Bio-Blended Marine Diesel Oil,0
2020-07,Marine Gas Oil,30.78
2020-07,Bio-Blended Marine Gas Oil,0
2020-07,Low Sulphur Marine Gas Oil,245.78
2020-07,Bio-Blended Low Sulphur Marine Gas Oil,0
2020-07,Marine Fuel Oil,988.59
2020-07,Bio-Blended Marine Fuel Oil,0
2020-07,Low Sulphur Fuel Oil,2892.52
2020-07,Bio-Blended Low Sulphur Fuel Oil,0
2020-07,Ultra Low Sulphur Fuel Oil,0
2020-07,Bio-Blended Ultra Low Sulphur Fuel Oil,0
2020-07,B100,0
2020-07,LNG,0
2020-07,Methanol,0
2020-07,Ammonia,0
2020-08,Marine Diesel Oil,0
2020-08,Bio-Blended Marine Diesel Oil,0
2020-08,Marine Gas Oil,27.37
2020-08,Bio-Blended Marine Gas Oil,0
2020-08,Low Sulphur Marine Gas Oil,273.24
2020-08,Bio-Blended Low Sulphur Marine Gas Oil,0
2020-08,Marine Fuel Oil,1028.36
2020-08,Bio-Blended Marine Fuel Oil,0
2020-08,Low Sulphur Fuel Oil,2839.94
2020-08,Bio-Blended Low Sulphur Fuel Oil,0
2020-08,Ultra Low Sulphur Fuel Oil,0
2020-08,Bio-Blended Ultra Low Sulphur Fuel Oil,0
2020-08,B100,0
2020-08,LNG,0
2020-08,Methanol,0
2020-08,Ammonia,0
2020-09,Marine Diesel Oil,0
2020-09,Bio-Blended Marine Diesel Oil,0
2020-09,Marine Gas Oil,25.03
2020-09,Bio-Blended Marine Gas Oil,0
2020-09,Low Sulphur Marine Gas Oil,362.82
2020-09,Bio-Blended Low Sulphur Marine Gas Oil,0
2020-09,Marine Fuel Oil,933.82
2020-09,Bio-Blended Marine Fuel Oil,0
2020-09,Low Sulphur Fuel Oil,2895.9
2020-09,Bio-Blended Low Sulphur Fuel Oil,0
2020-09,Ultra Low Sulphur Fuel Oil,0
2020-09,Bio-Blended Ultra Low Sulphur Fuel Oil,0
2020-09,B100,0
2020-09,LNG,0
2020-09,Methanol,0
2020-09,Ammonia,0
2020-10,Marine Diesel Oil,0
2020-10,Bio-Blended Marine Diesel Oil,0
2020-10,Marine Gas Oil,33.19
2020-10,Bio-Blended Marine Gas Oil,0
2020-10,Low Sulphur Marine Gas Oil,328.44
2020-10,Bio-Blended Low Sulphur Marine Gas Oil,0
2020-10,Marine Fuel Oil,1084.46
2020-10,Bio-Blended Marine Fuel Oil,0
2020-10,Low Sulphur Fuel Oil,2706.27
2020-10,Bio-Blended Low Sulphur Fuel Oil,0
2020-10,Ultra Low Sulphur Fuel Oil,0
2020-10,Bio-Blended Ultra Low Sulphur Fuel Oil,0
2020-10,B100,0
2020-10,LNG,0
2020-10,Methanol,0
2020-10,Ammonia,0
2020-11,Marine Diesel Oil,0
2020-11,Bio-Blended Marine Diesel Oil,0
2020-11,Marine Gas Oil,50.72
2020-11,Bio-Blended Marine Gas Oil,0
2020-11,Low Sulphur Marine Gas Oil,324.51
2020-11,Bio-Blended Low Sulphur Marine Gas Oil,0
2020-11,Marine Fuel Oil,1059.23
2020-11,Bio-Blended Marine Fuel Oil,0
2020-11,Low Sulphur Fuel Oil,2828.09
2020-11,Bio-Blended Low Sulphur Fuel Oil,0
2020-11,Ultra Low Sulphur Fuel Oil,0
2020-11,Bio-Blended Ultra Low Sulphur Fuel Oil,0
2020-11,B100,0
2020-11,LNG,0
2020-11,Methanol,0
2020-11,Ammonia,0
2020-12,Marine Diesel Oil,0
2020-12,Bio-Blended Marine Diesel Oil,0
2020-12,Marine Gas Oil,42.03
2020-12,Bio-Blended Marine Gas Oil,0
2020-12,Low Sulphur Marine Gas Oil,295.14
2020-12,Bio-Blended Low Sulphur Marine Gas Oil,0
2020-12,Marine Fuel Oil,1018.86
2020-12,Bio-Blended Marine Fuel Oil,0
2020-12,Low Sulphur Fuel Oil,2933.59
2020-12,Bio-Blended Low Sulphur Fuel Oil,0
2020-12,Ultra Low Sulphur Fuel Oil,0
2020-12,Bio-Blended Ultra Low Sulphur Fuel Oil,0
2020-12,B100,0
2020-12,LNG,0
2020-12,Methanol,0
2020-12,Ammonia,0
2021-01,Marine Diesel Oil,0
2021-01,Bio-Blended Marine Diesel Oil,0
2021-01,Marine Gas Oil,43.15
2021-01,Bio-Blended Marine Gas Oil,0
2021-01,Low Sulphur Marine Gas Oil,336.02
2021-01,Bio-Blended Low Sulphur Marine Gas Oil,0
2021-01,Marine Fuel Oil,1130.23
2021-01,Bio-Blended Marine Fuel Oil,0
2021-01,Low Sulphur Fuel Oil,2993.6
2021-01,Bio-Blended Low Sulphur Fuel Oil,0
2021-01,Ultra Low Sulphur Fuel Oil,0
2021-01,Bio-Blended Ultra Low Sulphur Fuel Oil,0
2021-01,B100,0
2021-01,LNG,0
2021-01,Methanol,0
2021-01,Ammonia,0
2021-02,Marine Diesel Oil,0
2021-02,Bio-Blended Marine Diesel Oil,0
2021-02,Marine Gas Oil,33.46
2021-02,Bio-Blended Marine Gas Oil,0
2021-02,Low Sulphur Marine Gas Oil,358.49
2021-02,Bio-Blended Low Sulphur Marine Gas Oil,0
2021-02,Marine Fuel Oil,1002.01
2021-02,Bio-Blended Marine Fuel Oil,0
2021-02,Low Sulphur Fuel Oil,2726.14
2021-02,Bio-Blended Low Sulphur Fuel Oil,0
2021-02,Ultra Low Sulphur Fuel Oil,0
2021-02,Bio-Blended Ultra Low Sulphur Fuel Oil,0
2021-02,B100,0
2021-02,LNG,0
2021-02,Methanol,0
2021-02,Ammonia,0
2021-03,Marine Diesel Oil,0
2021-03,Bio-Blended Marine Diesel Oil,0
2021-03,Marine Gas Oil,30.7
2021-03,Bio-Blended Marine Gas Oil,0
2021-03,Low Sulphur Marine Gas Oil,318.9
2021-03,Bio-Blended Low Sulphur Marine Gas Oil,0
2021-03,Marine Fuel Oil,1017.1
2021-03,Bio-Blended Marine Fuel Oil,0
2021-03,Low Sulphur Fuel Oil,2832.64
2021-03,Bio-Blended Low Sulphur Fuel Oil,0
2021-03,Ultra Low Sulphur Fuel Oil,0
2021-03,Bio-Blended Ultra Low Sulphur Fuel Oil,0
2021-03,B100,0
2021-03,LNG,3.03
2021-03,Methanol,0
2021-03,Ammonia,0
2021-04,Marine Diesel Oil,0
2021-04,Bio-Blended Marine Diesel Oil,0
2021-04,Marine Gas Oil,33.03
2021-04,Bio-Blended Marine Gas Oil,0
2021-04,Low Sulphur Marine Gas Oil,297.97
2021-04,Bio-Blended Low Sulphur Marine Gas Oil,0
2021-04,Marine Fuel Oil,1113.21
2021-04,Bio-Blended Marine Fuel Oil,0
2021-04,Low Sulphur Fuel Oil,2812.25
2021-04,Bio-Blended Low Sulphur Fuel Oil,0
2021-04,Ultra Low Sulphur Fuel Oil,0
2021-04,Bio-Blended Ultra Low Sulphur Fuel Oil,0
2021-04,B100,0
2021-04,LNG,2.95
2021-04,Methanol,0
2021-04,Ammonia,0
2021-05,Marine Diesel Oil,0
2021-05,Bio-Blended Marine Diesel Oil,0
2021-05,Marine Gas Oil,30
2021-05,Bio-Blended Marine Gas Oil,0
2021-05,Low Sulphur Marine Gas Oil,281.1
2021-05,Bio-Blended Low Sulphur Marine Gas Oil,0
2021-05,Marine Fuel Oil,984.58
2021-05,Bio-Blended Marine Fuel Oil,0
2021-05,Low Sulphur Fuel Oil,2776.13
2021-05,Bio-Blended Low Sulphur Fuel Oil,0
2021-05,Ultra Low Sulphur Fuel Oil,0
2021-05,Bio-Blended Ultra Low Sulphur Fuel Oil,0
2021-05,B100,0
2021-05,LNG,8.68
2021-05,Methanol,0
2021-05,Ammonia,0
2021-06,Marine Diesel Oil,0
2021-06,Bio-Blended Marine Diesel Oil,0
2021-06,Marine Gas Oil,30.42
2021-06,Bio-Blended Marine Gas Oil,0
2021-06,Low Sulphur Marine Gas Oil,277.18
2021-06,Bio-Blended Low Sulphur Marine Gas Oil,0
2021-06,Marine Fuel Oil,1059.52
2021-06,Bio-Blended Marine Fuel Oil,0
2021-06,Low Sulphur Fuel Oil,2745.85
2021-06,Bio-Blended Low Sulphur Fuel Oil,0
2021-06,Ultra Low Sulphur Fuel Oil,0
2021-06,Bio-Blended Ultra Low Sulphur Fuel Oil,0
2021-06,B100,0
2021-06,LNG,3.23
2021-06,Methanol,0
2021-06,Ammonia,0
2021-07,Marine Diesel Oil,0
2021-07,Bio-Blended Marine Diesel Oil,0
2021-07,Marine Gas Oil,25.05
2021-07,Bio-Blended Marine Gas Oil,0
2021-07,Low Sulphur Marine Gas Oil,281.49
2021-07,Bio-Blended Low Sulphur Marine Gas Oil,0
2021-07,Marine Fuel Oil,1057.29
2021-07,Bio-Blended Marine Fuel Oil,0
2021-07,Low Sulphur Fuel Oil,2700.02
2021-07,Bio-Blended Low Sulphur Fuel Oil,0
2021-07,Ultra Low Sulphur Fuel Oil,0
2021-07,Bio-Blended Ultra Low Sulphur Fuel Oil,0
2021-07,B100,0
2021-07,LNG,5.31
2021-07,Methanol,0
2021-07,Ammonia,0
2021-08,Marine Diesel Oil,0
2021-08,Bio-Blended Marine Diesel Oil,0
2021-08,Marine Gas Oil,26.75
2021-08,Bio-Blended Marine Gas Oil,0
2021-08,Low Sulphur Marine Gas Oil,290.01
2021-08,Bio-Blended Low Sulphur Marine Gas Oil,0
2021-08,Marine Fuel Oil,1074.83
2021-08,Bio-Blended Marine Fuel Oil,0
2021-08,Low Sulphur Fuel Oil,2680.27
2021-08,Bio-Blended Low Sulphur Fuel Oil,0
2021-08,Ultra Low Sulphur Fuel Oil,0
2021-08,Bio-Blended Ultra Low Sulphur Fuel Oil,0
2021-08,B100,0
2021-08,LNG,2.99
2021-08,Methanol,0
2021-08,Ammonia,0
2021-09,Marine Diesel Oil,0
2021-09,Bio-Blended Marine Diesel Oil,0
2021-09,Marine Gas Oil,26.8
2021-09,Bio-Blended Marine Gas Oil,0
2021-09,Low Sulphur Marine Gas Oil,331.69
2021-09,Bio-Blended Low Sulphur Marine Gas Oil,0
2021-09,Marine Fuel Oil,996.24
2021-09,Bio-Blended Marine Fuel Oil,0
2021-09,Low Sulphur Fuel Oil,2580.58
2021-09,Bio-Blended Low Sulphur Fuel Oil,0
2021-09,Ultra Low Sulphur Fuel Oil,0
2021-09,Bio-Blended Ultra Low Sulphur Fuel Oil,0
2021-09,B100,0
2021-09,LNG,3.99
2021-09,Methanol,0
2021-09,Ammonia,0
2021-10,Marine Diesel Oil,0
2021-10,Bio-Blended Marine Diesel Oil,0
2021-10,Marine Gas Oil,39.12
2021-10,Bio-Blended Marine Gas Oil,0
2021-10,Low Sulphur Marine Gas Oil,308.64
2021-10,Bio-Blended Low Sulphur Marine Gas Oil,0
2021-10,Marine Fuel Oil,1200.66
2021-10,Bio-Blended Marine Fuel Oil,0
2021-10,Low Sulphur Fuel Oil,2706.27
2021-10,Bio-Blended Low Sulphur Fuel Oil,0
2021-10,Ultra Low Sulphur Fuel Oil,0
2021-10,Bio-Blended Ultra Low Sulphur Fuel Oil,0
2021-10,B100,0
2021-10,LNG,10.51
2021-10,Methanol,0
2021-10,Ammonia,0
2021-11,Marine Diesel Oil,0
2021-11,Bio-Blended Marine Diesel Oil,0
2021-11,Marine Gas Oil,20.59
2021-11,Bio-Blended Marine Gas Oil,0
2021-11,Low Sulphur Marine Gas Oil,304.94
2021-11,Bio-Blended Low Sulphur Marine Gas Oil,0
2021-11,Marine Fuel Oil,1230.58
2021-11,Bio-Blended Marine Fuel Oil,0
2021-11,Low Sulphur Fuel Oil,2665.49
2021-11,Bio-Blended Low Sulphur Fuel Oil,2.01
2021-11,Ultra Low Sulphur Fuel Oil,0
2021-11,Bio-Blended Ultra Low Sulphur Fuel Oil,0
2021-11,B100,0
2021-11,LNG,5.73
2021-11,Methanol,0
2021-11,Ammonia,0
2021-12,Marine Diesel Oil,0
2021-12,Bio-Blended Marine Diesel Oil,0
2021-12,Marine Gas Oil,21.22
2021-12,Bio-Blended Marine Gas Oil,0
2021-12,Low Sulphur Marine Gas Oil,335.6
2021-12,Bio-Blended Low Sulphur Marine Gas Oil,0
2021-12,Marine Fuel Oil,1168.69
2021-12,Bio-Blended Marine Fuel Oil,0
2021-12,Low Sulphur Fuel Oil,2652.33
2021-12,Bio-Blended Low Sulphur Fuel Oil,0
2021-12,Ultra Low Sulphur Fuel Oil,0
2021-12,Bio-Blended Ultra Low Sulphur Fuel Oil,0
2021-12,B100,0
2021-12,LNG,2.78
2021-12,Methanol,0
2021-12,Ammonia,0
2022-01,Marine Diesel Oil,0
2022-01,Bio-Blended Marine Diesel Oil,0
2022-01,Marine Gas Oil,13.78
2022-01,Bio-Blended Marine Gas Oil,0
2022-01,Low Sulphur Marine Gas Oil,335.87
2022-01,Bio-Blended Low Sulphur Marine Gas Oil,0
2022-01,Marine Fuel Oil,1122.42
2022-01,Bio-Blended Marine Fuel Oil,0
2022-01,Low Sulphur Fuel Oil,2555.92
2022-01,Bio-Blended Low Sulphur Fuel Oil,1
2022-01,Ultra Low Sulphur Fuel Oil,0
2022-01,Bio-Blended Ultra Low Sulphur Fuel Oil,0
2022-01,B100,0
2022-01,LNG,0
2022-01,Methanol,0
2022-01,Ammonia,0
2022-02,Marine Diesel Oil,0
2022-02,Bio-Blended Marine Diesel Oil,0
2022-02,Marine Gas Oil,10.57
2022-02,Bio-Blended Marine Gas Oil,0
2022-02,Low Sulphur Marine Gas Oil,280.5
2022-02,Bio-Blended Low Sulphur Marine Gas Oil,0
2022-02,Marine Fuel Oil,924.1
2022-02,Bio-Blended Marine Fuel Oil,0
2022-02,Low Sulphur Fuel Oil,2276.38
2022-02,Bio-Blended Low Sulphur Fuel Oil,12.5
2022-02,Ultra Low Sulphur Fuel Oil,0
2022-02,Bio-Blended Ultra Low Sulphur Fuel Oil,0
2022-02,B100,0
2022-02,LNG,2.7
2022-02,Methanol,0
2022-02,Ammonia,0
2022-03,Marine Diesel Oil,0
2022-03,Bio-Blended Marine Diesel Oil,0
2022-03,Marine Gas Oil,9.7
2022-03,Bio-Blended Marine Gas Oil,0
2022-03,Low Sulphur Marine Gas Oil,271.97
2022-03,Bio-Blended Low Sulphur Marine Gas Oil,0
2022-03,Marine Fuel Oil,1091.21
2022-03,Bio-Blended Marine Fuel Oil,0
2022-03,Low Sulphur Fuel Oil,2393.49
2022-03,Bio-Blended Low Sulphur Fuel Oil,3.3
2022-03,Ultra Low Sulphur Fuel Oil,0
2022-03,Bio-Blended Ultra Low Sulphur Fuel Oil,0
2022-03,B100,0
2022-03,LNG,0.22
2022-03,Methanol,0
2022-03,Ammonia,0
2022-04,Marine Diesel Oil,0
2022-04,Bio-Blended Marine Diesel Oil,0
2022-04,Marine Gas Oil,7.89
2022-04,Bio-Blended Marine Gas Oil,0
2022-04,Low Sulphur Marine Gas Oil,278.9
2022-04,Bio-Blended Low Sulphur Marine Gas Oil,0
2022-04,Marine Fuel Oil,978.47
2022-04,Bio-Blended Marine Fuel Oil,0
2022-04,Low Sulphur Fuel Oil,2475.08
2022-04,Bio-Blended Low Sulphur Fuel Oil,9.19
2022-04,Ultra Low Sulphur Fuel Oil,0
2022-04,Bio-Blended Ultra Low Sulphur Fuel Oil,0
2022-04,B100,0
2022-04,LNG,0.4
2022-04,Methanol,0
2022-04,Ammonia,0
2022-05,Marine Diesel Oil,0
2022-05,Bio-Blended Marine Diesel Oil,0
2022-05,Marine Gas Oil,5.8
2022-05,Bio-Blended Marine Gas Oil,0
2022-05,Low Sulphur Marine Gas Oil,300.91
2022-05,Bio-Blended Low Sulphur Marine Gas Oil,0
2022-05,Marine Fuel Oil,1094.77
2022-05,Bio-Blended Marine Fuel Oil,0
2022-05,Low Sulphur Fuel Oil,2637.32
2022-05,Bio-Blended Low Sulphur Fuel Oil,4.39
2022-05,Ultra Low Sulphur Fuel Oil,0
2022-05,Bio-Blended Ultra Low Sulphur Fuel Oil,0
2022-05,B100,0
2022-05,LNG,0.78
2022-05,Methanol,0
2022-05,Ammonia,0
2022-06,Marine Diesel Oil,0
2022-06,Bio-Blended Marine Diesel Oil,0
2022-06,Marine Gas Oil,6.89
2022-06,Bio-Blended Marine Gas Oil,0
2022-06,Low Sulphur Marine Gas Oil,272.38
2022-06,Bio-Blended Low Sulphur Marine Gas Oil,0
2022-06,Marine Fuel Oil,1120.96
2022-06,Bio-Blended Marine Fuel Oil,0
2022-06,Low Sulphur Fuel Oil,2345.39
2022-06,Bio-Blended Low Sulphur Fuel Oil,8.17
2022-06,Ultra Low Sulphur Fuel Oil,0
2022-06,Bio-Blended Ultra Low Sulphur Fuel Oil,0
2022-06,B100,0
2022-06,LNG,2.06
2022-06,Methanol,0
2022-06,Ammonia,0
2022-07,Marine Diesel Oil,0
2022-07,Bio-Blended Marine Diesel Oil,0
2022-07,Marine Gas Oil,13.75
2022-07,Bio-Blended Marine Gas Oil,0
2022-07,Low Sulphur Marine Gas Oil,313.76
2022-07,Bio-Blended Low Sulphur Marine Gas Oil,0
2022-07,Marine Fuel Oil,1287.6
2022-07,Bio-Blended Marine Fuel Oil,0
2022-07,Low Sulphur Fuel Oil,2499.25
2022-07,Bio-Blended Low Sulphur Fuel Oil,3.25
2022-07,Ultra Low Sulphur Fuel Oil,0
2022-07,Bio-Blended Ultra Low Sulphur Fuel Oil,0
2022-07,B100,0
2022-07,LNG,1.61
2022-07,Methanol,0
2022-07,Ammonia,0
2022-08,Marine Diesel Oil,0
2022-08,Bio-Blended Marine Diesel Oil,0
2022-08,Marine Gas Oil,11.34
2022-08,Bio-Blended Marine Gas Oil,0
2022-08,Low Sulphur Marine Gas Oil,330.37
2022-08,Bio-Blended Low Sulphur Marine Gas Oil,0
2022-08,Marine Fuel Oil,1263.05
2022-08,Bio-Blended Marine Fuel Oil,0
2022-08,Low Sulphur Fuel Oil,2498.19
2022-08,Bio-Blended Low Sulphur Fuel Oil,13.38
2022-08,Ultra Low Sulphur Fuel Oil,0
2022-08,Bio-Blended Ultra Low Sulphur Fuel Oil,0
2022-08,B100,0
2022-08,LNG,0
2022-08,Methanol,0
2022-08,Ammonia,0
2022-09,Marine Diesel Oil,0
2022-09,Bio-Blended Marine Diesel Oil,0
2022-09,Marine Gas Oil,6.26
2022-09,Bio-Blended Marine Gas Oil,0
2022-09,Low Sulphur Marine Gas Oil,329.44
2022-09,Bio-Blended Low Sulphur Marine Gas Oil,0
2022-09,Marine Fuel Oil,1158.3
2022-09,Bio-Blended Marine Fuel Oil,0
2022-09,Low Sulphur Fuel Oil,2444.72
2022-09,Bio-Blended Low Sulphur Fuel Oil,19.85
2022-09,Ultra Low Sulphur Fuel Oil,0
2022-09,Bio-Blended Ultra Low Sulphur Fuel Oil,0
2022-09,B100,0
2022-09,LNG,0.95
2022-09,Methanol,0
2022-09,Ammonia,0
2022-10,Marine Diesel Oil,0
2022-10,Bio-Blended Marine Diesel Oil,0
2022-10,Marine Gas Oil,11.08
2022-10,Bio-Blended Marine Gas Oil,0
2022-10,Low Sulphur Marine Gas Oil,305.09
2022-10,Bio-Blended Low Sulphur Marine Gas Oil,0
2022-10,Marine Fuel Oil,1348.47
2022-10,Bio-Blended Marine Fuel Oil,0
2022-10,Low Sulphur Fuel Oil,2564.86
2022-10,Bio-Blended Low Sulphur Fuel Oil,21.47
2022-10,Ultra Low Sulphur Fuel Oil,0
2022-10,Bio-Blended Ultra Low Sulphur Fuel Oil,0
2022-10,B100,0
2022-10,LNG,1.7
2022-10,Methanol,0
2022-10,Ammonia,0
2022-11,Marine Diesel Oil,0
2022-11,Bio-Blended Marine Diesel Oil,0
2022-11,Marine Gas Oil,22.81
2022-11,Bio-Blended Marine Gas Oil,0
2022-11,Low Sulphur Marine Gas Oil,307.84
2022-11,Bio-Blended Low Sulphur Marine Gas Oil,0
2022-11,Marine Fuel Oil,1290.33
2022-11,Bio-Blended Marine Fuel Oil,0
2022-11,Low Sulphur Fuel Oil,2728.64
2022-11,Bio-Blended Low Sulphur Fuel Oil,23.08
2022-11,Ultra Low Sulphur Fuel Oil,0
2022-11,Bio-Blended Ultra Low Sulphur Fuel Oil,0
2022-11,B100,0
2022-11,LNG,2.93
2022-11,Methanol,0
2022-11,Ammonia,0
2022-12,Marine Diesel Oil,0
2022-12,Bio-Blended Marine Diesel Oil,0
2022-12,Marine Gas Oil,20.62
2022-12,Bio-Blended Marine Gas Oil,0
2022-12,Low Sulphur Marine Gas Oil,285.6
2022-12,Bio-Blended Low Sulphur Marine Gas Oil,0
2022-12,Marine Fuel Oil,1312.4
2022-12,Bio-Blended Marine Fuel Oil,0
2022-12,Low Sulphur Fuel Oil,2575.75
2022-12,Bio-Blended Low Sulphur Fuel Oil,20.55
2022-12,Ultra Low Sulphur Fuel Oil,0
2022-12,Bio-Blended Ultra Low Sulphur Fuel Oil,0
2022-12,B100,0
2022-12,LNG,2.94
2022-12,Methanol,0
2022-12,Ammonia,0
2023-01,Marine Diesel Oil,0
2023-01,Bio-Blended Marine Diesel Oil,0
2023-01,Marine Gas Oil,10.79
2023-01,Bio-Blended Marine Gas Oil,0
2023-01,Low Sulphur Marine Gas Oil,313.67
2023-01,Bio-Blended Low Sulphur Marine Gas Oil,0
2023-01,Marine Fuel Oil,1251.12
2023-01,Bio-Blended Marine Fuel Oil,0
2023-01,Low Sulphur Fuel Oil,2774.11
2023-01,Bio-Blended Low Sulphur Fuel Oil,27.2
2023-01,Ultra Low Sulphur Fuel Oil,0
2023-01,Bio-Blended Ultra Low Sulphur Fuel Oil,0
2023-01,B100,0
2023-01,LNG,1.43
2023-01,Methanol,0
2023-01,Ammonia,0
2023-02,Marine Diesel Oil,0
2023-02,Bio-Blended Marine Diesel Oil,0
2023-02,Marine Gas Oil,6.21
2023-02,Bio-Blended Marine Gas Oil,0
2023-02,Low Sulphur Marine Gas Oil,297.02
2023-02,Bio-Blended Low Sulphur Marine Gas Oil,0
2023-02,Marine Fuel Oil,1142.69
2023-02,Bio-Blended Marine Fuel Oil,0
2023-02,Low Sulphur Fuel Oil,2319.98
2023-02,Bio-Blended Low Sulphur Fuel Oil,29.44
2023-02,Ultra Low Sulphur Fuel Oil,0
2023-02,Bio-Blended Ultra Low Sulphur Fuel Oil,0
2023-02,B100,0
2023-02,LNG,1.58
2023-02,Methanol,0
2023-02,Ammonia,0
2023-03,Marine Diesel Oil,0
2023-03,Bio-Blended Marine Diesel Oil,0
2023-03,Marine Gas Oil,14.73
2023-03,Bio-Blended Marine Gas Oil,0
2023-03,Low Sulphur Marine Gas Oil,315.49
2023-03,Bio-Blended Low Sulphur Marine Gas Oil,0
2023-03,Marine Fuel Oil,1267.98
2023-03,Bio-Blended Marine Fuel Oil,0
2023-03,Low Sulphur Fuel Oil,2548.73
2023-03,Bio-Blended Low Sulphur Fuel Oil,28.38
2023-03,Ultra Low Sulphur Fuel Oil,0
2023-03,Bio-Blended Ultra Low Sulphur Fuel Oil,0
2023-03,B100,0
2023-03,LNG,3.66
2023-03,Methanol,0
2023-03,Ammonia,0
2023-04,Marine Diesel Oil,0
2023-04,Bio-Blended Marine Diesel Oil,0
2023-04,Marine Gas Oil,15.33
2023-04,Bio-Blended Marine Gas Oil,0
2023-04,Low Sulphur Marine Gas Oil,312.15
2023-04,Bio-Blended Low Sulphur Marine Gas Oil,0
2023-04,Marine Fuel Oil,1218.43
2023-04,Bio-Blended Marine Fuel Oil,1.33
2023-04,Low Sulphur Fuel Oil,2669.27
2023-04,Bio-Blended Low Sulphur Fuel Oil,37.04
2023-04,Ultra Low Sulphur Fuel Oil,0
2023-04,Bio-Blended Ultra Low Sulphur Fuel Oil,0
2023-04,B100,0
2023-04,LNG,5.21
2023-04,Methanol,0
2023-04,Ammonia,0
2023-05,Marine Diesel Oil,0
2023-05,Bio-Blended Marine Diesel Oil,0
2023-05,Marine Gas Oil,27.49
2023-05,Bio-Blended Marine Gas Oil,0
2023-05,Low Sulphur Marine Gas Oil,312.92
2023-05,Bio-Blended Low Sulphur Marine Gas Oil,0
2023-05,Marine Fuel Oil,1445.16
2023-05,Bio-Blended Marine Fuel Oil,0.51
2023-05,Low Sulphur Fuel Oil,2697.57
2023-05,Bio-Blended Low Sulphur Fuel Oil,34.62
2023-05,Ultra Low Sulphur Fuel Oil,0
2023-05,Bio-Blended Ultra Low Sulphur Fuel Oil,0
2023-05,B100,0
2023-05,LNG,7.06
2023-05,Methanol,0
2023-05,Ammonia,0
2023-06,Marine Diesel Oil,0
2023-06,Bio-Blended Marine Diesel Oil,0
2023-06,Marine Gas Oil,11.96
2023-06,Bio-Blended Marine Gas Oil,0
2023-06,Low Sulphur Marine Gas Oil,271.45
2023-06,Bio-Blended Low Sulphur Marine Gas Oil,0
2023-06,Marine Fuel Oil,1237.53
2023-06,Bio-Blended Marine Fuel Oil,1
2023-06,Low Sulphur Fuel Oil,2358.76
2023-06,Bio-Blended Low Sulphur Fuel Oil,34.29
2023-06,Ultra Low Sulphur Fuel Oil,0
2023-06,Bio-Blended Ultra Low Sulphur Fuel Oil,0
2023-06,B100,0
2023-06,LNG,17.92
2023-06,Methanol,0
2023-06,Ammonia,0
2023-07,Marine Diesel Oil,0
2023-07,Bio-Blended Marine Diesel Oil,0
2023-07,Marine Gas Oil,22.28
2023-07,Bio-Blended Marine Gas Oil,0
2023-07,Low Sulphur Marine Gas Oil,287.58
2023-07,Bio-Blended Low Sulphur Marine Gas Oil,0
2023-07,Marine Fuel Oil,1484.01
2023-07,Bio-Blended Marine Fuel Oil,0.49
2023-07,Low Sulphur Fuel Oil,2665.19
2023-07,Bio-Blended Low Sulphur Fuel Oil,39.43
2023-07,Ultra Low Sulphur Fuel Oil,0
2023-07,Bio-Blended Ultra Low Sulphur Fuel Oil,0
2023-07,B100,0
2023-07,LNG,18.25
2023-07,Methanol,0.3
2023-07,Ammonia,0
2023-08,Marine Diesel Oil,0
2023-08,Bio-Blended Marine Diesel Oil,0
2023-08,Marine Gas Oil,8.05
2023-08,Bio-Blended Marine Gas Oil,0
2023-08,Low Sulphur Marine Gas Oil,274.49
2023-08,Bio-Blended Low Sulphur Marine Gas Oil,0
2023-08,Marine Fuel Oil,1393.01
2023-08,Bio-Blended Marine Fuel Oil,0
2023-08,Low Sulphur Fuel Oil,2510.41
2023-08,Bio-Blended Low Sulphur Fuel Oil,52.58
2023-08,Ultra Low Sulphur Fuel Oil,0
2023-08,Bio-Blended Ultra Low Sulphur Fuel Oil,0
2023-08,B100,0
2023-08,LNG,15.56
2023-08,Methanol,0
2023-08,Ammonia,0
2023-09,Marine Diesel Oil,0
2023-09,Bio-Blended Marine Diesel Oil,0
2023-09,Marine Gas Oil,20.35
2023-09,Bio-Blended Marine Gas Oil,0
2023-09,Low Sulphur Marine Gas Oil,264.97
2023-09,Bio-Blended Low Sulphur Marine Gas Oil,0
2023-09,Marine Fuel Oil,1472.68
2023-09,Bio-Blended Marine Fuel Oil,0
2023-09,Low Sulphur Fuel Oil,2454.91
2023-09,Bio-Blended Low Sulphur Fuel Oil,42.96
2023-09,Ultra Low Sulphur Fuel Oil,0
2023-09,Bio-Blended Ultra Low Sulphur Fuel Oil,0
2023-09,B100,0
2023-09,LNG,7.71
2023-09,Methanol,0
2023-09,Ammonia,0
2023-10,Marine Diesel Oil,0
2023-10,Bio-Blended Marine Diesel Oil,0
2023-10,Marine Gas Oil,35.69
2023-10,Bio-Blended Marine Gas Oil,0
2023-10,Low Sulphur Marine Gas Oil,297.83
2023-10,Bio-Blended Low Sulphur Marine Gas Oil,0
2023-10,Marine Fuel Oil,1451.16
2023-10,Bio-Blended Marine Fuel Oil,2.28
2023-10,Low Sulphur Fuel Oil,2521.69
2023-10,Bio-Blended Low Sulphur Fuel Oil,76.82
2023-10,Ultra Low Sulphur Fuel Oil,0
2023-10,Bio-Blended Ultra Low Sulphur Fuel Oil,0
2023-10,B100,0
2023-10,LNG,16.07
2023-10,Methanol,0
2023-10,Ammonia,0
2023-11,Marine Diesel Oil,0
2023-11,Bio-Blended Marine Diesel Oil,0
2023-11,Marine Gas Oil,25.84
2023-11,Bio-Blended Marine Gas Oil,0
2023-11,Low Sulphur Marine Gas Oil,288.32
2023-11,Bio-Blended Low Sulphur Marine Gas Oil,0.2
2023-11,Marine Fuel Oil,1542.35
2023-11,Bio-Blended Marine Fuel Oil,0
2023-11,Low Sulphur Fuel Oil,2344.28
2023-11,Bio-Blended Low Sulphur Fuel Oil,57.32
2023-11,Ultra Low Sulphur Fuel Oil,0
2023-11,Bio-Blended Ultra Low Sulphur Fuel Oil,0
2023-11,B100,0
2023-11,LNG,7.15
2023-11,Methanol,0
2023-11,Ammonia,0
2023-12,Marine Diesel Oil,0
2023-12,Bio-Blended Marine Diesel Oil,0
2023-12,Marine Gas Oil,24.8
2023-12,Bio-Blended Marine Gas Oil,0
2023-12,Low Sulphur Marine Gas Oil,311.62
2023-12,Bio-Blended Low Sulphur Marine Gas Oil,0
2023-12,Marine Fuel Oil,1810.56
2023-12,Bio-Blended Marine Fuel Oil,0
2023-12,Low Sulphur Fuel Oil,2836.46
2023-12,Bio-Blended Low Sulphur Fuel Oil,57.95
2023-12,Ultra Low Sulphur Fuel Oil,0
2023-12,Bio-Blended Ultra Low Sulphur Fuel Oil,0
2023-12,B100,0
2023-12,LNG,9.25
2023-12,Methanol,0
2023-12,Ammonia,0
2024-01,Marine Diesel Oil,0
2024-01,Bio-Blended Marine Diesel Oil,0
2024-01,Marine Gas Oil,13.47
2024-01,Bio-Blended Marine Gas Oil,0
2024-01,Low Sulphur Marine Gas Oil,316.98
2024-01,Bio-Blended Low Sulphur Marine Gas Oil,0
2024-01,Marine Fuel Oil,1658.82
2024-01,Bio-Blended Marine Fuel Oil,0
2024-01,Low Sulphur Fuel Oil,2861.13
2024-01,Bio-Blended Low Sulphur Fuel Oil,45.28
2024-01,Ultra Low Sulphur Fuel Oil,0
2024-01,Bio-Blended Ultra Low Sulphur Fuel Oil,0
2024-01,B100,0
2024-01,LNG,10.42
2024-01,Methanol,0
2024-01,Ammonia,0
2024-02,Marine Diesel Oil,0
2024-02,Bio-Blended Marine Diesel Oil,0
2024-02,Marine Gas Oil,14.44
2024-02,Bio-Blended Marine Gas Oil,0
2024-02,Low Sulphur Marine Gas Oil,296.84
2024-02,Bio-Blended Low Sulphur Marine Gas Oil,0
2024-02,Marine Fuel Oil,1600.98
2024-02,Bio-Blended Marine Fuel Oil,0
2024-02,Low Sulphur Fuel Oil,2554.63
2024-02,Bio-Blended Low Sulphur Fuel Oil,15.55
2024-02,Ultra Low Sulphur Fuel Oil,0
2024-02,Bio-Blended Ultra Low Sulphur Fuel Oil,0
2024-02,B100,0
2024-02,LNG,26.88
2024-02,Methanol,0
2024-02,Ammonia,0
2024-03,Marine Diesel Oil,0
2024-03,Bio-Blended Marine Diesel Oil,0
2024-03,Marine Gas Oil,5.15
2024-03,Bio-Blended Marine Gas Oil,0
2024-03,Low Sulphur Marine Gas Oil,310.01
2024-03,Bio-Blended Low Sulphur Marine Gas Oil,0
2024-03,Marine Fuel Oil,1605.41
2024-03,Bio-Blended Marine Fuel Oil,0
2024-03,Low Sulphur Fuel Oil,2419.86
2024-03,Bio-Blended Low Sulphur Fuel Oil,66.03
2024-03,Ultra Low Sulphur Fuel Oil,0
2024-03,Bio-Blended Ultra Low Sulphur Fuel Oil,0
2024-03,B100,0
2024-03,LNG,38.62
2024-03,Methanol,0
2024-03,Ammonia,0
2024-04,Marine Diesel Oil,0
2024-04,Bio-Blended Marine Diesel Oil,0
2024-04,Marine Gas Oil,9.66
2024-04,Bio-Blended Marine Gas Oil,0
2024-04,Low Sulphur Marine Gas Oil,277.45
2024-04,Bio-Blended Low Sulphur Marine Gas Oil,0
2024-04,Marine Fuel Oil,1600.48
2024-04,Bio-Blended Marine Fuel Oil,0
2024-04,Low Sulphur Fuel Oil,2252.43
2024-04,Bio-Blended Low Sulphur Fuel Oil,59.59
2024-04,Ultra Low Sulphur Fuel Oil,0
2024-04,Bio-Blended Ultra Low Sulphur Fuel Oil,0
2024-04,B100,0
2024-04,LNG,32.55
2024-04,Methanol,0
2024-04,Ammonia,0.01
2024-05,Marine Diesel Oil,0
2024-05,Bio-Blended Marine Diesel Oil,0.29
2024-05,Marine Gas Oil,14.31
2024-05,Bio-Blended Marine Gas Oil,0
2024-05,Low Sulphur Marine Gas Oil,330.96
2024-05,Bio-Blended Low Sulphur Marine Gas Oil,0
2024-05,Marine Fuel Oil,1737.76
2024-05,Bio-Blended Marine Fuel Oil,5.33
2024-05,Low Sulphur Fuel Oil,2639.46
2024-05,Bio-Blended Low Sulphur Fuel Oil,48.36
2024-05,Ultra Low Sulphur Fuel Oil,0
2024-05,Bio-Blended Ultra Low Sulphur Fuel Oil,0
2024-05,B100,0
2024-05,LNG,48.75
2024-05,Methanol,1.63
2024-05,Ammonia,0
2024-06,Marine Diesel Oil,0
2024-06,Bio-Blended Marine Diesel Oil,0
2024-06,Marine Gas Oil,7.96
2024-06,Bio-Blended Marine Gas Oil,0
2024-06,Low Sulphur Marine Gas Oil,278.8
2024-06,Bio-Blended Low Sulphur Marine Gas Oil,0
2024-06,Marine Fuel Oil,1557.59
2024-06,Bio-Blended Marine Fuel Oil,2.49
2024-06,Low Sulphur Fuel Oil,2331.06
2024-06,Bio-Blended Low Sulphur Fuel Oil,45.35
2024-06,Ultra Low Sulphur Fuel Oil,0
2024-06,Bio-Blended Ultra Low Sulphur Fuel Oil,0
2024-06,B100,0
2024-06,LNG,51.66
2024-06,Methanol,0
2024-06,Ammonia,0
2024-07,Marine Diesel Oil,0
2024-07,Bio-Blended Marine Diesel Oil,0
2024-07,Marine Gas Oil,1.8
2024-07,Bio-Blended Marine Gas Oil,0
2024-07,Low Sulphur Marine Gas Oil,293.79
2024-07,Bio-Blended Low Sulphur Marine Gas Oil,0
2024-07,Marine Fuel Oil,1780.72
2024-07,Bio-Blended Marine Fuel Oil,6.13
2024-07,Low Sulphur Fuel Oil,2485.68
2024-07,Bio-Blended Low Sulphur Fuel Oil,42.46
2024-07,Ultra Low Sulphur Fuel Oil,0
2024-07,Bio-Blended Ultra Low Sulphur Fuel Oil,0
2024-07,B100,0
2024-07,LNG,43.18
2024-07,Methanol,0
2024-07,Ammonia,0
2024-08,Marine Diesel Oil,0
2024-08,Bio-Blended Marine Diesel Oil,0
2024-08,Marine Gas Oil,6.37
2024-08,Bio-Blended Marine Gas Oil,0.75
2024-08,Low Sulphur Marine Gas Oil,300.43
2024-08,Bio-Blended Low Sulphur Marine Gas Oil,0.7
2024-08,Marine Fuel Oil,1694.84
2024-08,Bio-Blended Marine Fuel Oil,11.17
2024-08,Low Sulphur Fuel Oil,2444.39
2024-08,Bio-Blended Low Sulphur Fuel Oil,55.22
2024-08,Ultra Low Sulphur Fuel Oil,0
2024-08,Bio-Blended Ultra Low Sulphur Fuel Oil,0
2024-08,B100,0
2024-08,LNG,45.59
2024-08,Methanol,0
2024-08,Ammonia,0
2024-09,Marine Diesel Oil,0.67
2024-09,Bio-Blended Marine Diesel Oil,0
2024-09,Marine Gas Oil,11.64
2024-09,Bio-Blended Marine Gas Oil,0
2024-09,Low Sulphur Marine Gas Oil,334.7
2024-09,Bio-Blended Low Sulphur Marine Gas Oil,0
2024-09,Marine Fuel Oil,1639.99
2024-09,Bio-Blended Marine Fuel Oil,16.54
2024-09,Low Sulphur Fuel Oil,2248.03
2024-09,Bio-Blended Low Sulphur Fuel Oil,92.37
2024-09,Ultra Low Sulphur Fuel Oil,0.51
2024-09,Bio-Blended Ultra Low Sulphur Fuel Oil,1.69
2024-09,B100,0
2024-09,LNG,36.91
2024-09,Methanol,0
2024-09,Ammonia,0
2024-10,Marine Diesel Oil,0.45
2024-10,Bio-Blended Marine Diesel Oil,0
2024-10,Marine Gas Oil,7.98
2024-10,Bio-Blended Marine Gas Oil,0
2024-10,Low Sulphur Marine Gas Oil,343.34
2024-10,Bio-Blended Low Sulphur Marine Gas Oil,6.69
2024-10,Marine Fuel Oil,1813.56
2024-10,Bio-Blended Marine Fuel Oil,21.71
2024-10,Low Sulphur Fuel Oil,2514.21
2024-10,Bio-Blended Low Sulphur Fuel Oil,116.19
2024-10,Ultra Low Sulphur Fuel Oil,2
2024-10,Bio-Blended Ultra Low Sulphur Fuel Oil,0.95
2024-10,B100,0
2024-10,LNG,50.58
2024-10,Methanol,0
2024-10,Ammonia,0
2024-11,Marine Diesel Oil,0
2024-11,Bio-Blended Marine Diesel Oil,0
2024-11,Marine Gas Oil,0.53
2024-11,Bio-Blended Marine Gas Oil,0
2024-11,Low Sulphur Marine Gas Oil,337.78
2024-11,Bio-Blended Low Sulphur Marine Gas Oil,2.19
2024-11,Marine Fuel Oil,1582.57
2024-11,Bio-Blended Marine Fuel Oil,13.97
2024-11,Low Sulphur Fuel Oil,2398.35
2024-11,Bio-Blended Low Sulphur Fuel Oil,99.33
2024-11,Ultra Low Sulphur Fuel Oil,0
2024-11,Bio-Blended Ultra Low Sulphur Fuel Oil,0
2024-11,B100,0
2024-11,LNG,27.5
2024-11,Methanol,0
2024-11,Ammonia,0
2024-12,Marine Diesel Oil,0
2024-12,Bio-Blended Marine Diesel Oil,0
2024-12,Marine Gas Oil,3.41
2024-12,Bio-Blended Marine Gas Oil,0
2024-12,Low Sulphur Marine Gas Oil,327.07
2024-12,Bio-Blended Low Sulphur Marine Gas Oil,0.4
2024-12,Marine Fuel Oil,1875.13
2024-12,Bio-Blended Marine Fuel Oil,11.97
2024-12,Low Sulphur Fuel Oil,2429.62
2024-12,Bio-Blended Low Sulphur Fuel Oil,94.12
2024-12,Ultra Low Sulphur Fuel Oil,0
2024-12,Bio-Blended Ultra Low Sulphur Fuel Oil,0
2024-12,B100,0
2024-12,LNG,48.31
2024-12,Methanol,0
2024-12,Ammonia,0
2025-01,Marine Diesel Oil,0
2025-01,Bio-Blended Marine Diesel Oil,0
2025-01,Marine Gas Oil,3.14
2025-01,Bio-Blended Marine Gas Oil,0
2025-01,Low Sulphur Marine Gas Oil,256.51
2025-01,Bio-Blended Low Sulphur Marine Gas Oil,0
2025-01,Marine Fuel Oil,1655.35
2025-01,Bio-Blended Marine Fuel Oil,15.97
2025-01,Low Sulphur Fuel Oil,2431.31
2025-01,Bio-Blended Low Sulphur Fuel Oil,91.96
2025-01,Ultra Low Sulphur Fuel Oil,0.88
2025-01,Bio-Blended Ultra Low Sulphur Fuel Oil,0
2025-01,B100,0
2025-01,LNG,32.8
2025-01,Methanol,0
2025-01,Ammonia,0
2025-02,Marine Diesel Oil,0
2025-02,Bio-Blended Marine Diesel Oil,0
2025-02,Marine Gas Oil,8.93
2025-02,Bio-Blended Marine Gas Oil,0
2025-02,Low Sulphur Marine Gas Oil,305.71
2025-02,Bio-Blended Low Sulphur Marine Gas Oil,0
2025-02,Marine Fuel Oil,1624.43
2025-02,Bio-Blended Marine Fuel Oil,22.09
2025-02,Low Sulphur Fuel Oil,2065.1
2025-02,Bio-Blended Low Sulphur Fuel Oil,85.05
2025-02,Ultra Low Sulphur Fuel Oil,0
2025-02,Bio-Blended Ultra Low Sulphur Fuel Oil,0
2025-02,B100,3.77
2025-02,LNG,30.03
2025-02,Methanol,0
2025-02,Ammonia,0
2025-03,Marine Diesel Oil,0
2025-03,Bio-Blended Marine Diesel Oil,0
2025-03,Marine Gas Oil,0.07
2025-03,Bio-Blended Marine Gas Oil,0
2025-03,Low Sulphur Marine Gas Oil,333.52
2025-03,Bio-Blended Low Sulphur Marine Gas Oil,0
2025-03,Marine Fuel Oil,1618.59
2025-03,Bio-Blended Marine Fuel Oil,51.88
2025-03,Low Sulphur Fuel Oil,2331.88
2025-03,Bio-Blended Low Sulphur Fuel Oil,93.71
2025-03,Ultra Low Sulphur Fuel Oil,0.5
2025-03,Bio-Blended Ultra Low Sulphur Fuel Oil,0
2025-03,B100,0
2025-03,LNG,39.03
2025-03,Methanol,0
2025-03,Ammonia,0
2025-04,Marine Diesel Oil,0
2025-04,Bio-Blended Marine Diesel Oil,0
2025-04,Marine Gas Oil,0
2025-04,Bio-Blended Marine Gas Oil,0
2025-04,Low Sulphur Marine Gas Oil,314.74
2025-04,Bio-Blended Low Sulphur Marine Gas Oil,1.21
2025-04,Marine Fuel Oil,1700.14
2025-04,Bio-Blended Marine Fuel Oil,33.29
2025-04,Low Sulphur Fuel Oil,2236.49
2025-04,Bio-Blended Low Sulphur Fuel Oil,75.56
2025-04,Ultra Low Sulphur Fuel Oil,0
2025-04,Bio-Blended Ultra Low Sulphur Fuel Oil,0.71
2025-04,B100,0.3
2025-04,LNG,42
2025-04,Methanol,0
2025-04,Ammonia,0
2025-05,Marine Diesel Oil,0
2025-05,Bio-Blended Marine Diesel Oil,0
2025-05,Marine Gas Oil,1.69
2025-05,Bio-Blended Marine Gas Oil,0
2025-05,Low Sulphur Marine Gas Oil,342.38
2025-05,Bio-Blended Low Sulphur Marine Gas Oil,2.28
2025-05,Marine Fuel Oil,1892.76
2025-05,Bio-Blended Marine Fuel Oil,40.89
2025-05,Low Sulphur Fuel Oil,2453.97
2025-05,Bio-Blended Low Sulphur Fuel Oil,96.08
2025-05,Ultra Low Sulphur Fuel Oil,1.2
2025-05,Bio-Blended Ultra Low Sulphur Fuel Oil,0
2025-05,B100,1.89
2025-05,LNG,45
2025-05,Methanol,0
2025-05,Ammonia,0
2025-06,Marine Diesel Oil,0
2025-06,Bio-Blended Marine Diesel Oil,0
2025-06,Marine Gas Oil,4.49
2025-06,Bio-Blended Marine Gas Oil,0
2025-06,Low Sulphur Marine Gas Oil,362.02
2025-06,Bio-Blended Low Sulphur Marine Gas Oil,2.1
2025-06,Marine Fuel Oil,1703.78
2025-06,Bio-Blended Marine Fuel Oil,38.75
2025-06,Low Sulphur Fuel Oil,2311.01
2025-06,Bio-Blended Low Sulphur Fuel Oil,114.33
2025-06,Ultra Low Sulphur Fuel Oil,1.9
2025-06,Bio-Blended Ultra Low Sulphur Fuel Oil,0
2025-06,B100,1
2025-06,LNG,55.35
2025-06,Methanol,0
2025-06,Ammonia,0
2025-07,Marine Diesel Oil,0
2025-07,Bio-Blended Marine Diesel Oil,0
2025-07,Marine Gas Oil,3.87
2025-07,Bio-Blended Marine Gas Oil,0
2025-07,Low Sulphur Marine Gas Oil,416.02
2025-07,Bio-Blended Low Sulphur Marine Gas Oil,1.75
2025-07,Marine Fuel Oil,1949.42
2025-07,Bio-Blended Marine Fuel Oil,50.29
2025-07,Low Sulphur Fuel Oil,2372.12
2025-07,Bio-Blended Low Sulphur Fuel Oil,80.45
2025-07,Ultra Low Sulphur Fuel Oil,0
2025-07,Bio-Blended Ultra Low Sulphur Fuel Oil,0
2025-07,B100,2.59
2025-07,LNG,41.53
2025-07,Methanol,0
2025-07,Ammonia,0
2025-08,Marine Diesel Oil,0
2025-08,Bio-Blended Marine Diesel Oil,0
2025-08,Marine Gas Oil,1.75
2025-08,Bio-Blended Marine Gas Oil,0
2025-08,Low Sulphur Marine Gas Oil,368.56
2025-08,Bio-Blended Low Sulphur Marine Gas Oil,1.9
2025-08,Marine Fuel Oil,1891.84
2025-08,Bio-Blended Marine Fuel Oil,34.69
2025-08,Low Sulphur Fuel Oil,2500.97
2025-08,Bio-Blended Low Sulphur Fuel Oil,93.8
2025-08,Ultra Low Sulphur Fuel Oil,0
2025-08,Bio-Blended Ultra Low Sulphur Fuel Oil,0
2025-08,B100,4.79
2025-08,LNG,66.96
2025-08,Methanol,0
2025-08,Ammonia,0
2025-09,Marine Diesel Oil,0
2025-09,Bio-Blended Marine Diesel Oil,0
2025-09,Marine Gas Oil,0.31
2025-09,Bio-Blended Marine Gas Oil,0
2025-09,Low Sulphur Marine Gas Oil,373.56
2025-09,Bio-Blended Low Sulphur Marine Gas Oil,0
2025-09,Marine Fuel Oil,1872.95
2025-09,Bio-Blended Marine Fuel Oil,43.11
2025-09,Low Sulphur Fuel Oil,2350.48
2025-09,Bio-Blended Low Sulphur Fuel Oil,71.7
2025-09,Ultra Low Sulphur Fuel Oil,0
2025-09,Bio-Blended Ultra Low Sulphur Fuel Oil,0
2025-09,B100,4.52
2025-09,LNG,48.45
2025-09,Methanol,0
2025-09,Ammonia,0
2025-10,Marine Diesel Oil,0
2025-10,Bio-Blended Marine Diesel Oil,0
2025-10,Marine Gas Oil,2.25
2025-10,Bio-Blended Marine Gas Oil,0
2025-10,Low Sulphur Marine Gas Oil,392
2025-10,Bio-Blended Low Sulphur Marine Gas Oil,0
2025-10,Marine Fuel Oil,1866.53
2025-10,Bio-Blended Marine Fuel Oil,11.14
2025-10,Low Sulphur Fuel Oil,2433.38
2025-10,Bio-Blended Low Sulphur Fuel Oil,50.03
2025-10,Ultra Low Sulphur Fuel Oil,0
2025-10,Bio-Blended Ultra Low Sulphur Fuel Oil,0
2025-10,B100,1.8
2025-10,LNG,60.6
2025-10,Methanol,0
2025-10,Ammonia,0
2025-11,Marine Diesel Oil,0
2025-11,Bio-Blended Marine Diesel Oil,0
2025-11,Marine Gas Oil,2.99
2025-11,Bio-Blended Marine Gas Oil,0
2025-11,Low Sulphur Marine Gas Oil,366.41
2025-11,Bio-Blended Low Sulphur Marine Gas Oil,0.45
2025-11,Marine Fuel Oil,1818.67
2025-11,Bio-Blended Marine Fuel Oil,11.08
2025-11,Low Sulphur Fuel Oil,2512.38
2025-11,Bio-Blended Low Sulphur Fuel Oil,45.81
2025-11,Ultra Low Sulphur Fuel Oil,0
2025-11,Bio-Blended Ultra Low Sulphur Fuel Oil,0
2025-11,B100,4.84
2025-11,LNG,55.04
2025-11,Methanol,3.01
2025-11,Ammonia,0
2025-12,Marine Diesel Oil,0
2025-12,Bio-Blended Marine Diesel Oil,0
2025-12,Marine Gas Oil,3.18
2025-12,Bio-Blended Marine Gas Oil,0
2025-12,Low Sulphur Marine Gas Oil,410.55
2025-12,Bio-Blended Low Sulphur Marine Gas Oil,0
2025-12,Marine Fuel Oil,2117.58
2025-12,Bio-Blended Marine Fuel Oil,20.35
2025-12,Low Sulphur Fuel Oil,2830.32
2025-12,Bio-Blended Low Sulphur Fuel Oil,70.72
2025-12,Ultra Low Sulphur Fuel Oil,1.36
2025-12,Bio-Blended Ultra Low Sulphur Fuel Oil,0
2025-12,B100,0
2025-12,LNG,54.57
2025-12,Methanol,0
2025-12,Ammonia,0
2026-01,Marine Diesel Oil,0
2026-01,Bio-Blended Marine Diesel Oil,0
2026-01,Marine Gas Oil,2.01
2026-01,Bio-Blended Marine Gas Oil,0
2026-01,Low Sulphur Marine Gas Oil,402.06
2026-01,Bio-Blended Low Sulphur Marine Gas Oil,0
2026-01,Marine Fuel Oil,2159.67
2026-01,Bio-Blended Marine Fuel Oil,14.26
2026-01,Low Sulphur Fuel Oil,2561.23
2026-01,Bio-Blended Low Sulphur Fuel Oil,45.95
2026-01,Ultra Low Sulphur Fuel Oil,0
2026-01,Bio-Blended Ultra Low Sulphur Fuel Oil,0
2026-01,B100,0
2026-01,LNG,42.59
2026-01,Methanol,0.3
2026-01,Ammonia,0
2026-02,Marine Diesel Oil,0
2026-02,Bio-Blended Marine Diesel Oil,0
2026-02,Marine Gas Oil,3.57
2026-02,Bio-Blended Marine Gas Oil,0
2026-02,Low Sulphur Marine Gas Oil,371.72
2026-02,Bio-Blended Low Sulphur Marine Gas Oil,0
2026-02,Marine Fuel Oil,1833.57
2026-02,Bio-Blended Marine Fuel Oil,13.96
2026-02,Low Sulphur Fuel Oil,2310.01
2026-02,Bio-Blended Low Sulphur Fuel Oil,77.46
2026-02,Ultra Low Sulphur Fuel Oil,1.56
2026-02,Bio-Blended Ultra Low Sulphur Fuel Oil,0
2026-02,B100,1.3
2026-02,LNG,59.01
2026-02,Methanol,6.01
2026-02,Ammonia,0
2026-03,Marine Diesel Oil,0
2026-03,Bio-Blended Marine Diesel Oil,0
2026-03,Marine Gas Oil,5.7
2026-03,Bio-Blended Marine Gas Oil,0
2026-03,Low Sulphur Marine Gas Oil,346.87
2026-03,Bio-Blended Low Sulphur Marine Gas Oil,0.4
2026-03,Marine Fuel Oil,1934.22
2026-03,Bio-Blended Marine Fuel Oil,14.39
2026-03,Low Sulphur Fuel Oil,2338.69
2026-03,Bio-Blended Low Sulphur Fuel Oil,77.55
2026-03,Ultra Low Sulphur Fuel Oil,0
2026-03,Bio-Blended Ultra Low Sulphur Fuel Oil,0
2026-03,B100,0
2026-03,LNG,49.02
2026-03,Methanol,0
2026-03,Ammonia,0
2026-04,Marine Diesel Oil,0
2026-04,Bio-Blended Marine Diesel Oil,0
2026-04,Marine Gas Oil,0
2026-04,Bio-Blended Marine Gas Oil,0
2026-04,Low Sulphur Marine Gas Oil,256.25
2026-04,Bio-Blended Low Sulphur Marine Gas Oil,0.8
2026-04,Marine Fuel Oil,1787.93
2026-04,Bio-Blended Marine Fuel Oil,18.3
2026-04,Low Sulphur Fuel Oil,2192.51
2026-04,Bio-Blended Low Sulphur Fuel Oil,48.82
2026-04,Ultra Low Sulphur Fuel Oil,0
2026-04,Bio-Blended Ultra Low Sulphur Fuel Oil,0
2026-04,B100,8.03
2026-04,LNG,42.43
2026-04,Methanol,0
2026-04,Ammonia,0
2026-05,Marine Diesel Oil,0
2026-05,Bio-Blended Marine Diesel Oil,0
2026-05,Marine Gas Oil,0.64
2026-05,Bio-Blended Marine Gas Oil,0
2026-05,Low Sulphur Marine Gas Oil,328.7
2026-05,Bio-Blended Low Sulphur Marine Gas Oil,0
2026-05,Marine Fuel Oil,1795.83
2026-05,Bio-Blended Marine Fuel Oil,11.58
2026-05,Low Sulphur Fuel Oil,2296.76
2026-05,Bio-Blended Low Sulphur Fuel Oil,37.05
2026-05,Ultra Low Sulphur Fuel Oil,0
2026-05,Bio-Blended Ultra Low Sulphur Fuel Oil,0
2026-05,B100,12.83
2026-05,LNG,70.27
2026-05,Methanol,0
2026-05,Ammonia,0
2026-06,Marine Diesel Oil,0
2026-06,Bio-Blended Marine Diesel Oil,0
2026-06,Marine Gas Oil,1.87
2026-06,Bio-Blended Marine Gas Oil,0
2026-06,Low Sulphur Marine Gas Oil,343.8
2026-06,Bio-Blended Low Sulphur Marine Gas Oil,0
2026-06,Marine Fuel Oil,2034.55
2026-06,Bio-Blended Marine Fuel Oil,8.08
2026-06,Low Sulphur Fuel Oil,2197
2026-06,Bio-Blended Low Sulphur Fuel Oil,30.72
2026-06,Ultra Low Sulphur Fuel Oil,0
2026-06,Bio-Blended Ultra Low Sulphur Fuel Oil,0
2026-06,B100,1.5
2026-06,LNG,54.97
2026-06,Methanol,0
2026-06,Ammonia,0
2026-07,Marine Diesel Oil,0
2026-07,Bio-Blended Marine Diesel Oil,0
2026-07,Marine Gas Oil,0.72
2026-07,Bio-Blended Marine Gas Oil,0
2026-07,Low Sulphur Marine Gas Oil,358.87
2026-07,Bio-Blended Low Sulphur Marine Gas Oil,0
2026-07,Marine Fuel Oil,1952.9
2026-07,Bio-Blended Marine Fuel Oil,8.23
2026-07,Low Sulphur Fuel Oil,2327.9
2026-07,Bio-Blended Low Sulphur Fuel Oil,29.92
2026-07,Ultra Low Sulphur Fuel Oil,1.55
2026-07,Bio-Blended Ultra Low Sulphur Fuel Oil,0
2026-07,B100,1.36
2026-07,LNG,58.69
2026-07,Methanol,0
2026-07,Ammonia,0
2026-08,Marine Diesel Oil,0
2026-08,Bio-Blended Marine Diesel Oil,0
2026-08,Marine Gas Oil,0
2026-08,Bio-Blended Marine Gas Oil,0
2026-08,Low Sulphur Marine Gas Oil,367.73
2026-08,Bio-Blended Low Sulphur Marine Gas Oil,0
2026-08,Marine Fuel Oil,2095.18
2026-08,Bio-Blended Marine Fuel Oil,8.65
2026-08,Low Sulphur Fuel Oil,2193.8
2026-08,Bio-Blended Low Sulphur Fuel Oil,47.87
2026-08,Ultra Low Sulphur Fuel Oil,0
2026-08,Bio-Blended Ultra Low Sulphur Fuel Oil,0
2026-08,B100,0.81
2026-08,LNG,58.64
2026-08,Methanol,0
2026-08,Ammonia,0
